--
-- PostgreSQL database dump
--

-- Dumped from database version 14.6
-- Dumped by pg_dump version 14.6

-- Started on 2023-01-13 15:20:44

SET statement_timeout = 0;
SET lock_timeout = 0;
SET idle_in_transaction_session_timeout = 0;
SET client_encoding = 'UTF8';
SET standard_conforming_strings = on;
SELECT pg_catalog.set_config('search_path', '', false);
SET check_function_bodies = false;
SET xmloption = content;
SET client_min_messages = warning;
SET row_security = off;

SET default_tablespace = '';

SET default_table_access_method = heap;

--
-- TOC entry 209 (class 1259 OID 16928)
-- Name: auth_group; Type: TABLE; Schema: public; Owner: postgres
--

CREATE TABLE public.auth_group (
    id integer NOT NULL,
    name character varying(150) NOT NULL
);


ALTER TABLE public.auth_group OWNER TO postgres;

--
-- TOC entry 210 (class 1259 OID 16931)
-- Name: auth_group_id_seq; Type: SEQUENCE; Schema: public; Owner: postgres
--

ALTER TABLE public.auth_group ALTER COLUMN id ADD GENERATED BY DEFAULT AS IDENTITY (
    SEQUENCE NAME public.auth_group_id_seq
    START WITH 1
    INCREMENT BY 1
    NO MINVALUE
    NO MAXVALUE
    CACHE 1
);


--
-- TOC entry 211 (class 1259 OID 16932)
-- Name: auth_group_permissions; Type: TABLE; Schema: public; Owner: postgres
--

CREATE TABLE public.auth_group_permissions (
    id bigint NOT NULL,
    group_id integer NOT NULL,
    permission_id integer NOT NULL
);


ALTER TABLE public.auth_group_permissions OWNER TO postgres;

--
-- TOC entry 212 (class 1259 OID 16935)
-- Name: auth_group_permissions_id_seq; Type: SEQUENCE; Schema: public; Owner: postgres
--

ALTER TABLE public.auth_group_permissions ALTER COLUMN id ADD GENERATED BY DEFAULT AS IDENTITY (
    SEQUENCE NAME public.auth_group_permissions_id_seq
    START WITH 1
    INCREMENT BY 1
    NO MINVALUE
    NO MAXVALUE
    CACHE 1
);


--
-- TOC entry 213 (class 1259 OID 16936)
-- Name: auth_permission; Type: TABLE; Schema: public; Owner: postgres
--

CREATE TABLE public.auth_permission (
    id integer NOT NULL,
    name character varying(255) NOT NULL,
    content_type_id integer NOT NULL,
    codename character varying(100) NOT NULL
);


ALTER TABLE public.auth_permission OWNER TO postgres;

--
-- TOC entry 214 (class 1259 OID 16939)
-- Name: auth_permission_id_seq; Type: SEQUENCE; Schema: public; Owner: postgres
--

ALTER TABLE public.auth_permission ALTER COLUMN id ADD GENERATED BY DEFAULT AS IDENTITY (
    SEQUENCE NAME public.auth_permission_id_seq
    START WITH 1
    INCREMENT BY 1
    NO MINVALUE
    NO MAXVALUE
    CACHE 1
);


--
-- TOC entry 215 (class 1259 OID 16940)
-- Name: auth_user; Type: TABLE; Schema: public; Owner: postgres
--

CREATE TABLE public.auth_user (
    id integer NOT NULL,
    password character varying(128) NOT NULL,
    last_login timestamp with time zone,
    is_superuser boolean NOT NULL,
    username character varying(150) NOT NULL,
    first_name character varying(150) NOT NULL,
    last_name character varying(150) NOT NULL,
    email character varying(254) NOT NULL,
    is_staff boolean NOT NULL,
    is_active boolean NOT NULL,
    date_joined timestamp with time zone NOT NULL
);


ALTER TABLE public.auth_user OWNER TO postgres;

--
-- TOC entry 216 (class 1259 OID 16945)
-- Name: auth_user_groups; Type: TABLE; Schema: public; Owner: postgres
--

CREATE TABLE public.auth_user_groups (
    id bigint NOT NULL,
    user_id integer NOT NULL,
    group_id integer NOT NULL
);


ALTER TABLE public.auth_user_groups OWNER TO postgres;

--
-- TOC entry 217 (class 1259 OID 16948)
-- Name: auth_user_groups_id_seq; Type: SEQUENCE; Schema: public; Owner: postgres
--

ALTER TABLE public.auth_user_groups ALTER COLUMN id ADD GENERATED BY DEFAULT AS IDENTITY (
    SEQUENCE NAME public.auth_user_groups_id_seq
    START WITH 1
    INCREMENT BY 1
    NO MINVALUE
    NO MAXVALUE
    CACHE 1
);


--
-- TOC entry 218 (class 1259 OID 16949)
-- Name: auth_user_id_seq; Type: SEQUENCE; Schema: public; Owner: postgres
--

ALTER TABLE public.auth_user ALTER COLUMN id ADD GENERATED BY DEFAULT AS IDENTITY (
    SEQUENCE NAME public.auth_user_id_seq
    START WITH 1
    INCREMENT BY 1
    NO MINVALUE
    NO MAXVALUE
    CACHE 1
);


--
-- TOC entry 219 (class 1259 OID 16950)
-- Name: auth_user_user_permissions; Type: TABLE; Schema: public; Owner: postgres
--

CREATE TABLE public.auth_user_user_permissions (
    id bigint NOT NULL,
    user_id integer NOT NULL,
    permission_id integer NOT NULL
);


ALTER TABLE public.auth_user_user_permissions OWNER TO postgres;

--
-- TOC entry 220 (class 1259 OID 16953)
-- Name: auth_user_user_permissions_id_seq; Type: SEQUENCE; Schema: public; Owner: postgres
--

ALTER TABLE public.auth_user_user_permissions ALTER COLUMN id ADD GENERATED BY DEFAULT AS IDENTITY (
    SEQUENCE NAME public.auth_user_user_permissions_id_seq
    START WITH 1
    INCREMENT BY 1
    NO MINVALUE
    NO MAXVALUE
    CACHE 1
);


--
-- TOC entry 240 (class 1259 OID 17158)
-- Name: cart_order; Type: TABLE; Schema: public; Owner: postgres
--

CREATE TABLE public.cart_order (
    date_create timestamp with time zone NOT NULL,
    date_finish timestamp with time zone,
    price double precision,
    address_delivery_id bigint NOT NULL,
    status character varying(150) NOT NULL
);


ALTER TABLE public.cart_order OWNER TO postgres;

--
-- TOC entry 239 (class 1259 OID 17149)
-- Name: cart_order_address; Type: TABLE; Schema: public; Owner: postgres
--

CREATE TABLE public.cart_order_address (
    id bigint NOT NULL,
    city character varying(150) NOT NULL,
    street character varying(150) NOT NULL,
    house_number character varying(3) NOT NULL,
    house_frame character varying(1),
    flat integer,
    zip_code integer NOT NULL,
    email character varying(254) NOT NULL,
    phone character varying(128) NOT NULL,
    CONSTRAINT cart_order_address_flat_check CHECK ((flat >= 0)),
    CONSTRAINT cart_order_address_zip_code_check CHECK ((zip_code >= 0))
);


ALTER TABLE public.cart_order_address OWNER TO postgres;

--
-- TOC entry 238 (class 1259 OID 17148)
-- Name: cart_order_address_id_seq; Type: SEQUENCE; Schema: public; Owner: postgres
--

ALTER TABLE public.cart_order_address ALTER COLUMN id ADD GENERATED BY DEFAULT AS IDENTITY (
    SEQUENCE NAME public.cart_order_address_id_seq
    START WITH 1
    INCREMENT BY 1
    NO MINVALUE
    NO MAXVALUE
    CACHE 1
);


--
-- TOC entry 242 (class 1259 OID 17164)
-- Name: cart_pos_order; Type: TABLE; Schema: public; Owner: postgres
--

CREATE TABLE public.cart_pos_order (
    id bigint NOT NULL,
    count_book integer NOT NULL,
    price double precision NOT NULL,
    book_id bigint NOT NULL,
    order_id bigint NOT NULL
);


ALTER TABLE public.cart_pos_order OWNER TO postgres;

--
-- TOC entry 241 (class 1259 OID 17163)
-- Name: cart_pos_order_id_seq; Type: SEQUENCE; Schema: public; Owner: postgres
--

ALTER TABLE public.cart_pos_order ALTER COLUMN id ADD GENERATED BY DEFAULT AS IDENTITY (
    SEQUENCE NAME public.cart_pos_order_id_seq
    START WITH 1
    INCREMENT BY 1
    NO MINVALUE
    NO MAXVALUE
    CACHE 1
);


--
-- TOC entry 221 (class 1259 OID 16954)
-- Name: django_admin_log; Type: TABLE; Schema: public; Owner: postgres
--

CREATE TABLE public.django_admin_log (
    id integer NOT NULL,
    action_time timestamp with time zone NOT NULL,
    object_id text,
    object_repr character varying(200) NOT NULL,
    action_flag smallint NOT NULL,
    change_message text NOT NULL,
    content_type_id integer,
    user_id integer NOT NULL,
    CONSTRAINT django_admin_log_action_flag_check CHECK ((action_flag >= 0))
);


ALTER TABLE public.django_admin_log OWNER TO postgres;

--
-- TOC entry 222 (class 1259 OID 16960)
-- Name: django_admin_log_id_seq; Type: SEQUENCE; Schema: public; Owner: postgres
--

ALTER TABLE public.django_admin_log ALTER COLUMN id ADD GENERATED BY DEFAULT AS IDENTITY (
    SEQUENCE NAME public.django_admin_log_id_seq
    START WITH 1
    INCREMENT BY 1
    NO MINVALUE
    NO MAXVALUE
    CACHE 1
);


--
-- TOC entry 223 (class 1259 OID 16961)
-- Name: django_content_type; Type: TABLE; Schema: public; Owner: postgres
--

CREATE TABLE public.django_content_type (
    id integer NOT NULL,
    app_label character varying(100) NOT NULL,
    model character varying(100) NOT NULL
);


ALTER TABLE public.django_content_type OWNER TO postgres;

--
-- TOC entry 224 (class 1259 OID 16964)
-- Name: django_content_type_id_seq; Type: SEQUENCE; Schema: public; Owner: postgres
--

ALTER TABLE public.django_content_type ALTER COLUMN id ADD GENERATED BY DEFAULT AS IDENTITY (
    SEQUENCE NAME public.django_content_type_id_seq
    START WITH 1
    INCREMENT BY 1
    NO MINVALUE
    NO MAXVALUE
    CACHE 1
);


--
-- TOC entry 225 (class 1259 OID 16965)
-- Name: django_migrations; Type: TABLE; Schema: public; Owner: postgres
--

CREATE TABLE public.django_migrations (
    id bigint NOT NULL,
    app character varying(255) NOT NULL,
    name character varying(255) NOT NULL,
    applied timestamp with time zone NOT NULL
);


ALTER TABLE public.django_migrations OWNER TO postgres;

--
-- TOC entry 226 (class 1259 OID 16970)
-- Name: django_migrations_id_seq; Type: SEQUENCE; Schema: public; Owner: postgres
--

ALTER TABLE public.django_migrations ALTER COLUMN id ADD GENERATED BY DEFAULT AS IDENTITY (
    SEQUENCE NAME public.django_migrations_id_seq
    START WITH 1
    INCREMENT BY 1
    NO MINVALUE
    NO MAXVALUE
    CACHE 1
);


--
-- TOC entry 227 (class 1259 OID 16971)
-- Name: django_session; Type: TABLE; Schema: public; Owner: postgres
--

CREATE TABLE public.django_session (
    session_key character varying(40) NOT NULL,
    session_data text NOT NULL,
    expire_date timestamp with time zone NOT NULL
);


ALTER TABLE public.django_session OWNER TO postgres;

--
-- TOC entry 237 (class 1259 OID 17124)
-- Name: library_author; Type: TABLE; Schema: public; Owner: postgres
--

CREATE TABLE public.library_author (
    id bigint NOT NULL,
    full_name character varying(250) NOT NULL,
    biography text,
    photo character varying(100),
    birth_date date NOT NULL,
    death_date date
);


ALTER TABLE public.library_author OWNER TO postgres;

--
-- TOC entry 236 (class 1259 OID 17123)
-- Name: library_author_id_seq; Type: SEQUENCE; Schema: public; Owner: postgres
--

ALTER TABLE public.library_author ALTER COLUMN id ADD GENERATED BY DEFAULT AS IDENTITY (
    SEQUENCE NAME public.library_author_id_seq
    START WITH 1
    INCREMENT BY 1
    NO MINVALUE
    NO MAXVALUE
    CACHE 1
);


--
-- TOC entry 228 (class 1259 OID 16976)
-- Name: library_book; Type: TABLE; Schema: public; Owner: postgres
--

CREATE TABLE public.library_book (
    id bigint NOT NULL,
    title character varying(250) NOT NULL,
    description text,
    num_pages numeric(4,0) NOT NULL,
    cover_type character varying(7) NOT NULL,
    price double precision NOT NULL,
    sizes character varying(50),
    pub_date integer NOT NULL,
    photo_cover character varying(100),
    photo_back character varying(100),
    owner_id bigint
);


ALTER TABLE public.library_book OWNER TO postgres;

--
-- TOC entry 229 (class 1259 OID 16981)
-- Name: library_book_genres; Type: TABLE; Schema: public; Owner: postgres
--

CREATE TABLE public.library_book_genres (
    id bigint NOT NULL,
    book_id bigint NOT NULL,
    genre_id bigint NOT NULL
);


ALTER TABLE public.library_book_genres OWNER TO postgres;

--
-- TOC entry 230 (class 1259 OID 16984)
-- Name: library_book_genres_id_seq; Type: SEQUENCE; Schema: public; Owner: postgres
--

ALTER TABLE public.library_book_genres ALTER COLUMN id ADD GENERATED BY DEFAULT AS IDENTITY (
    SEQUENCE NAME public.library_book_genres_id_seq
    START WITH 1
    INCREMENT BY 1
    NO MINVALUE
    NO MAXVALUE
    CACHE 1
);


--
-- TOC entry 231 (class 1259 OID 16985)
-- Name: library_book_id_seq; Type: SEQUENCE; Schema: public; Owner: postgres
--

ALTER TABLE public.library_book ALTER COLUMN id ADD GENERATED BY DEFAULT AS IDENTITY (
    SEQUENCE NAME public.library_book_id_seq
    START WITH 1
    INCREMENT BY 1
    NO MINVALUE
    NO MAXVALUE
    CACHE 1
);


--
-- TOC entry 232 (class 1259 OID 16986)
-- Name: library_genre; Type: TABLE; Schema: public; Owner: postgres
--

CREATE TABLE public.library_genre (
    id bigint NOT NULL,
    title character varying(150) NOT NULL
);


ALTER TABLE public.library_genre OWNER TO postgres;

--
-- TOC entry 233 (class 1259 OID 16989)
-- Name: library_genre_id_seq; Type: SEQUENCE; Schema: public; Owner: postgres
--

ALTER TABLE public.library_genre ALTER COLUMN id ADD GENERATED BY DEFAULT AS IDENTITY (
    SEQUENCE NAME public.library_genre_id_seq
    START WITH 1
    INCREMENT BY 1
    NO MINVALUE
    NO MAXVALUE
    CACHE 1
);


--
-- TOC entry 234 (class 1259 OID 16990)
-- Name: library_reviews; Type: TABLE; Schema: public; Owner: postgres
--

CREATE TABLE public.library_reviews (
    id bigint NOT NULL,
    content text NOT NULL,
    date_posted timestamp with time zone NOT NULL,
    author_id integer NOT NULL,
    book_connected_id bigint NOT NULL,
    raiting integer NOT NULL
);


ALTER TABLE public.library_reviews OWNER TO postgres;

--
-- TOC entry 235 (class 1259 OID 16995)
-- Name: library_reviews_id_seq; Type: SEQUENCE; Schema: public; Owner: postgres
--

ALTER TABLE public.library_reviews ALTER COLUMN id ADD GENERATED BY DEFAULT AS IDENTITY (
    SEQUENCE NAME public.library_reviews_id_seq
    START WITH 1
    INCREMENT BY 1
    NO MINVALUE
    NO MAXVALUE
    CACHE 1
);


--
-- TOC entry 3478 (class 0 OID 16928)
-- Dependencies: 209
-- Data for Name: auth_group; Type: TABLE DATA; Schema: public; Owner: postgres
--

INSERT INTO public.auth_group (id, name) VALUES (1, 'employee');


--
-- TOC entry 3480 (class 0 OID 16932)
-- Dependencies: 211
-- Data for Name: auth_group_permissions; Type: TABLE DATA; Schema: public; Owner: postgres
--

INSERT INTO public.auth_group_permissions (id, group_id, permission_id) VALUES (1, 1, 32);
INSERT INTO public.auth_group_permissions (id, group_id, permission_id) VALUES (2, 1, 25);
INSERT INTO public.auth_group_permissions (id, group_id, permission_id) VALUES (3, 1, 28);
INSERT INTO public.auth_group_permissions (id, group_id, permission_id) VALUES (4, 1, 26);


--
-- TOC entry 3482 (class 0 OID 16936)
-- Dependencies: 213
-- Data for Name: auth_permission; Type: TABLE DATA; Schema: public; Owner: postgres
--

INSERT INTO public.auth_permission (id, name, content_type_id, codename) VALUES (1, 'Can add log entry', 1, 'add_logentry');
INSERT INTO public.auth_permission (id, name, content_type_id, codename) VALUES (2, 'Can change log entry', 1, 'change_logentry');
INSERT INTO public.auth_permission (id, name, content_type_id, codename) VALUES (3, 'Can delete log entry', 1, 'delete_logentry');
INSERT INTO public.auth_permission (id, name, content_type_id, codename) VALUES (4, 'Can view log entry', 1, 'view_logentry');
INSERT INTO public.auth_permission (id, name, content_type_id, codename) VALUES (5, 'Can add permission', 2, 'add_permission');
INSERT INTO public.auth_permission (id, name, content_type_id, codename) VALUES (6, 'Can change permission', 2, 'change_permission');
INSERT INTO public.auth_permission (id, name, content_type_id, codename) VALUES (7, 'Can delete permission', 2, 'delete_permission');
INSERT INTO public.auth_permission (id, name, content_type_id, codename) VALUES (8, 'Can view permission', 2, 'view_permission');
INSERT INTO public.auth_permission (id, name, content_type_id, codename) VALUES (9, 'Can add group', 3, 'add_group');
INSERT INTO public.auth_permission (id, name, content_type_id, codename) VALUES (10, 'Can change group', 3, 'change_group');
INSERT INTO public.auth_permission (id, name, content_type_id, codename) VALUES (11, 'Can delete group', 3, 'delete_group');
INSERT INTO public.auth_permission (id, name, content_type_id, codename) VALUES (12, 'Can view group', 3, 'view_group');
INSERT INTO public.auth_permission (id, name, content_type_id, codename) VALUES (13, 'Can add user', 4, 'add_user');
INSERT INTO public.auth_permission (id, name, content_type_id, codename) VALUES (14, 'Can change user', 4, 'change_user');
INSERT INTO public.auth_permission (id, name, content_type_id, codename) VALUES (15, 'Can delete user', 4, 'delete_user');
INSERT INTO public.auth_permission (id, name, content_type_id, codename) VALUES (16, 'Can view user', 4, 'view_user');
INSERT INTO public.auth_permission (id, name, content_type_id, codename) VALUES (17, 'Can add content type', 5, 'add_contenttype');
INSERT INTO public.auth_permission (id, name, content_type_id, codename) VALUES (18, 'Can change content type', 5, 'change_contenttype');
INSERT INTO public.auth_permission (id, name, content_type_id, codename) VALUES (19, 'Can delete content type', 5, 'delete_contenttype');
INSERT INTO public.auth_permission (id, name, content_type_id, codename) VALUES (20, 'Can view content type', 5, 'view_contenttype');
INSERT INTO public.auth_permission (id, name, content_type_id, codename) VALUES (21, 'Can add session', 6, 'add_session');
INSERT INTO public.auth_permission (id, name, content_type_id, codename) VALUES (22, 'Can change session', 6, 'change_session');
INSERT INTO public.auth_permission (id, name, content_type_id, codename) VALUES (23, 'Can delete session', 6, 'delete_session');
INSERT INTO public.auth_permission (id, name, content_type_id, codename) VALUES (24, 'Can view session', 6, 'view_session');
INSERT INTO public.auth_permission (id, name, content_type_id, codename) VALUES (25, 'Can add book', 7, 'add_book');
INSERT INTO public.auth_permission (id, name, content_type_id, codename) VALUES (26, 'Can change book', 7, 'change_book');
INSERT INTO public.auth_permission (id, name, content_type_id, codename) VALUES (27, 'Can delete book', 7, 'delete_book');
INSERT INTO public.auth_permission (id, name, content_type_id, codename) VALUES (28, 'Can view book', 7, 'view_book');
INSERT INTO public.auth_permission (id, name, content_type_id, codename) VALUES (29, 'Can add genre', 8, 'add_genre');
INSERT INTO public.auth_permission (id, name, content_type_id, codename) VALUES (30, 'Can change genre', 8, 'change_genre');
INSERT INTO public.auth_permission (id, name, content_type_id, codename) VALUES (31, 'Can delete genre', 8, 'delete_genre');
INSERT INTO public.auth_permission (id, name, content_type_id, codename) VALUES (32, 'Can view genre', 8, 'view_genre');
INSERT INTO public.auth_permission (id, name, content_type_id, codename) VALUES (33, 'Can add Отзыв', 9, 'add_reviews');
INSERT INTO public.auth_permission (id, name, content_type_id, codename) VALUES (34, 'Can change Отзыв', 9, 'change_reviews');
INSERT INTO public.auth_permission (id, name, content_type_id, codename) VALUES (35, 'Can delete Отзыв', 9, 'delete_reviews');
INSERT INTO public.auth_permission (id, name, content_type_id, codename) VALUES (36, 'Can view Отзыв', 9, 'view_reviews');
INSERT INTO public.auth_permission (id, name, content_type_id, codename) VALUES (37, 'Can add Автор книги', 10, 'add_author');
INSERT INTO public.auth_permission (id, name, content_type_id, codename) VALUES (38, 'Can change Автор книги', 10, 'change_author');
INSERT INTO public.auth_permission (id, name, content_type_id, codename) VALUES (39, 'Can delete Автор книги', 10, 'delete_author');
INSERT INTO public.auth_permission (id, name, content_type_id, codename) VALUES (40, 'Can view Автор книги', 10, 'view_author');
INSERT INTO public.auth_permission (id, name, content_type_id, codename) VALUES (41, 'Can add Адрес доставки заказа', 11, 'add_order_address');
INSERT INTO public.auth_permission (id, name, content_type_id, codename) VALUES (42, 'Can change Адрес доставки заказа', 11, 'change_order_address');
INSERT INTO public.auth_permission (id, name, content_type_id, codename) VALUES (43, 'Can delete Адрес доставки заказа', 11, 'delete_order_address');
INSERT INTO public.auth_permission (id, name, content_type_id, codename) VALUES (44, 'Can view Адрес доставки заказа', 11, 'view_order_address');
INSERT INTO public.auth_permission (id, name, content_type_id, codename) VALUES (45, 'Can add Заказ', 12, 'add_order');
INSERT INTO public.auth_permission (id, name, content_type_id, codename) VALUES (46, 'Can change Заказ', 12, 'change_order');
INSERT INTO public.auth_permission (id, name, content_type_id, codename) VALUES (47, 'Can delete Заказ', 12, 'delete_order');
INSERT INTO public.auth_permission (id, name, content_type_id, codename) VALUES (48, 'Can view Заказ', 12, 'view_order');
INSERT INTO public.auth_permission (id, name, content_type_id, codename) VALUES (49, 'Can add Позицию в заказе', 13, 'add_pos_order');
INSERT INTO public.auth_permission (id, name, content_type_id, codename) VALUES (50, 'Can change Позицию в заказе', 13, 'change_pos_order');
INSERT INTO public.auth_permission (id, name, content_type_id, codename) VALUES (51, 'Can delete Позицию в заказе', 13, 'delete_pos_order');
INSERT INTO public.auth_permission (id, name, content_type_id, codename) VALUES (52, 'Can view Позицию в заказе', 13, 'view_pos_order');


--
-- TOC entry 3484 (class 0 OID 16940)
-- Dependencies: 215
-- Data for Name: auth_user; Type: TABLE DATA; Schema: public; Owner: postgres
--

INSERT INTO public.auth_user (id, password, last_login, is_superuser, username, first_name, last_name, email, is_staff, is_active, date_joined) VALUES (16, 'pbkdf2_sha256$390000$eVmVn1HuBgYz8qd43UXt5n$fQbgZpS0jg0Dm6w8MkC3EitvCXHCcXW7mEzgVKSwcwE=', '2022-11-15 16:37:03.908028+03', false, 'test_user', '', '', 'test_user@mail.com', false, true, '2022-11-14 10:46:55+03');
INSERT INTO public.auth_user (id, password, last_login, is_superuser, username, first_name, last_name, email, is_staff, is_active, date_joined) VALUES (17, 'pbkdf2_sha256$390000$rM7esgGxi5e4ohq8f8mzTj$esrfjbNwMoOMaIzTseF1iBfn4snqoATjyj2cpjBgr+U=', NULL, false, 'user', '', '', 'user@mail.com', false, true, '2022-11-16 15:00:48.466892+03');
INSERT INTO public.auth_user (id, password, last_login, is_superuser, username, first_name, last_name, email, is_staff, is_active, date_joined) VALUES (18, 'pbkdf2_sha256$390000$vQCW8qYG5E8NrVzVrEKQ3v$IeiIROLRwgKavNIEU2p092J5mGjBHJoYxiCKGUKUe1s=', NULL, false, 'user_library', '', '', 'user@mail.com', false, true, '2022-11-17 11:02:21.440692+03');
INSERT INTO public.auth_user (id, password, last_login, is_superuser, username, first_name, last_name, email, is_staff, is_active, date_joined) VALUES (19, 'pbkdf2_sha256$390000$Hbq6hbccZfS21LGkdh1amc$OaVnqq2iVPElkgGP6e1PO9kC4jdhVVuzFYvBSwt3PMo=', NULL, false, 'Test', '', '', 'user@mail.com', false, true, '2022-11-17 11:57:20.505108+03');
INSERT INTO public.auth_user (id, password, last_login, is_superuser, username, first_name, last_name, email, is_staff, is_active, date_joined) VALUES (20, 'pbkdf2_sha256$390000$vKrCdHN2XxxY68YPi6jMcD$qp47FCw0fQGRz7kgEBnt6JQE0R3JCVy43qlMoCZCnl0=', '2022-11-17 11:58:16.822655+03', false, 'user_user', '', '', 'user@mail.com', false, true, '2022-11-17 11:58:01.918117+03');
INSERT INTO public.auth_user (id, password, last_login, is_superuser, username, first_name, last_name, email, is_staff, is_active, date_joined) VALUES (15, 'pbkdf2_sha256$390000$7rv6os9qazxjWiGU1AdVzS$hOWhNVky7qyRIK7y8ZpqkhEEQcPJ2ryD8JMYc/5UWYM=', '2022-11-17 12:21:38.102865+03', false, 'ivan', '', '', 'ivan@mail.com', false, true, '2022-11-14 09:54:57+03');
INSERT INTO public.auth_user (id, password, last_login, is_superuser, username, first_name, last_name, email, is_staff, is_active, date_joined) VALUES (1, 'pbkdf2_sha256$390000$v596SztMnFGhCvUuAnIEEV$/TjEwhOi3Zc56aOhRsDQYVhduKkalpE/IZx9jBLrq8Q=', '2023-01-13 14:40:39.803875+03', true, 'admin', '', '', '', true, true, '2022-10-30 12:49:03.929459+03');


--
-- TOC entry 3485 (class 0 OID 16945)
-- Dependencies: 216
-- Data for Name: auth_user_groups; Type: TABLE DATA; Schema: public; Owner: postgres
--

INSERT INTO public.auth_user_groups (id, user_id, group_id) VALUES (1, 15, 1);


--
-- TOC entry 3488 (class 0 OID 16950)
-- Dependencies: 219
-- Data for Name: auth_user_user_permissions; Type: TABLE DATA; Schema: public; Owner: postgres
--

INSERT INTO public.auth_user_user_permissions (id, user_id, permission_id) VALUES (1, 16, 32);
INSERT INTO public.auth_user_user_permissions (id, user_id, permission_id) VALUES (2, 16, 28);


--
-- TOC entry 3509 (class 0 OID 17158)
-- Dependencies: 240
-- Data for Name: cart_order; Type: TABLE DATA; Schema: public; Owner: postgres
--



--
-- TOC entry 3508 (class 0 OID 17149)
-- Dependencies: 239
-- Data for Name: cart_order_address; Type: TABLE DATA; Schema: public; Owner: postgres
--



--
-- TOC entry 3511 (class 0 OID 17164)
-- Dependencies: 242
-- Data for Name: cart_pos_order; Type: TABLE DATA; Schema: public; Owner: postgres
--



--
-- TOC entry 3490 (class 0 OID 16954)
-- Dependencies: 221
-- Data for Name: django_admin_log; Type: TABLE DATA; Schema: public; Owner: postgres
--

INSERT INTO public.django_admin_log (id, action_time, object_id, object_repr, action_flag, change_message, content_type_id, user_id) VALUES (1, '2022-10-30 13:11:03.531571+03', '1', 'Лето в пионерском галстуке', 1, '[{"added": {}}]', 7, 1);
INSERT INTO public.django_admin_log (id, action_time, object_id, object_repr, action_flag, change_message, content_type_id, user_id) VALUES (2, '2022-10-30 13:18:09.808659+03', '1', 'Лето в пионерском галстуке', 2, '[{"changed": {"fields": ["\u041f\u0435\u0440\u0435\u0434\u043d\u044f\u044f \u043e\u0431\u043b\u043e\u0436\u043a\u0430"]}}]', 7, 1);
INSERT INTO public.django_admin_log (id, action_time, object_id, object_repr, action_flag, change_message, content_type_id, user_id) VALUES (3, '2022-10-30 14:03:40.44408+03', '2', 'KGBT+', 1, '[{"added": {}}]', 7, 1);
INSERT INTO public.django_admin_log (id, action_time, object_id, object_repr, action_flag, change_message, content_type_id, user_id) VALUES (4, '2022-10-30 14:15:16.708365+03', '3', 'Благословение небожителей. Том 2', 1, '[{"added": {}}]', 7, 1);
INSERT INTO public.django_admin_log (id, action_time, object_id, object_repr, action_flag, change_message, content_type_id, user_id) VALUES (5, '2022-10-30 14:25:15.927418+03', '4', 'Бессмертный', 1, '[{"added": {}}]', 7, 1);
INSERT INTO public.django_admin_log (id, action_time, object_id, object_repr, action_flag, change_message, content_type_id, user_id) VALUES (6, '2022-10-30 14:39:24.24424+03', '5', 'Благословение небожителей. Том 1', 1, '[{"added": {}}]', 7, 1);
INSERT INTO public.django_admin_log (id, action_time, object_id, object_repr, action_flag, change_message, content_type_id, user_id) VALUES (7, '2022-10-30 14:54:43.202905+03', '6', 'О чем молчит Ласточка', 1, '[{"added": {}}]', 7, 1);
INSERT INTO public.django_admin_log (id, action_time, object_id, object_repr, action_flag, change_message, content_type_id, user_id) VALUES (8, '2022-10-30 14:58:51.672736+03', '7', 'Гойда', 1, '[{"added": {}}]', 7, 1);
INSERT INTO public.django_admin_log (id, action_time, object_id, object_repr, action_flag, change_message, content_type_id, user_id) VALUES (9, '2022-10-30 15:23:34.315844+03', '8', 'Тьма после рассвета', 1, '[{"added": {}}]', 7, 1);
INSERT INTO public.django_admin_log (id, action_time, object_id, object_repr, action_flag, change_message, content_type_id, user_id) VALUES (10, '2022-10-30 15:33:34.388001+03', '9', 'Семь сестер. Сестра солнца', 1, '[{"added": {}}]', 7, 1);
INSERT INTO public.django_admin_log (id, action_time, object_id, object_repr, action_flag, change_message, content_type_id, user_id) VALUES (11, '2022-11-01 13:00:16.179284+03', '1', 'Роман', 1, '[{"added": {}}]', 8, 1);
INSERT INTO public.django_admin_log (id, action_time, object_id, object_repr, action_flag, change_message, content_type_id, user_id) VALUES (12, '2022-11-01 13:00:25.569446+03', '2', 'Детектив', 1, '[{"added": {}}]', 8, 1);
INSERT INTO public.django_admin_log (id, action_time, object_id, object_repr, action_flag, change_message, content_type_id, user_id) VALUES (13, '2022-11-01 13:00:37.618948+03', '3', 'Фантастика', 1, '[{"added": {}}]', 8, 1);
INSERT INTO public.django_admin_log (id, action_time, object_id, object_repr, action_flag, change_message, content_type_id, user_id) VALUES (14, '2022-11-01 13:03:44.606623+03', '1', 'Лето в пионерском галстуке', 2, '[{"changed": {"fields": ["Genres"]}}]', 7, 1);
INSERT INTO public.django_admin_log (id, action_time, object_id, object_repr, action_flag, change_message, content_type_id, user_id) VALUES (15, '2022-11-01 13:18:01.844538+03', '8', 'Тьма после рассвета', 2, '[{"changed": {"fields": ["Genres"]}}]', 7, 1);
INSERT INTO public.django_admin_log (id, action_time, object_id, object_repr, action_flag, change_message, content_type_id, user_id) VALUES (16, '2022-11-01 17:46:41.192302+03', '4', 'Бестселлер', 1, '[{"added": {}}]', 8, 1);
INSERT INTO public.django_admin_log (id, action_time, object_id, object_repr, action_flag, change_message, content_type_id, user_id) VALUES (17, '2022-11-01 17:47:08.018764+03', '2', 'KGBT+', 2, '[{"changed": {"fields": ["Genres"]}}]', 7, 1);
INSERT INTO public.django_admin_log (id, action_time, object_id, object_repr, action_flag, change_message, content_type_id, user_id) VALUES (18, '2022-11-01 17:47:28.954946+03', '5', 'Благословение небожителей. Том 1', 2, '[{"changed": {"fields": ["Genres"]}}]', 7, 1);
INSERT INTO public.django_admin_log (id, action_time, object_id, object_repr, action_flag, change_message, content_type_id, user_id) VALUES (19, '2022-11-01 17:47:40.476067+03', '3', 'Благословение небожителей. Том 2', 2, '[{"changed": {"fields": ["Genres"]}}]', 7, 1);
INSERT INTO public.django_admin_log (id, action_time, object_id, object_repr, action_flag, change_message, content_type_id, user_id) VALUES (20, '2022-11-01 17:47:59.848562+03', '5', 'Комикс', 1, '[{"added": {}}]', 8, 1);
INSERT INTO public.django_admin_log (id, action_time, object_id, object_repr, action_flag, change_message, content_type_id, user_id) VALUES (21, '2022-11-01 17:48:11.031511+03', '4', 'Бессмертный', 2, '[{"changed": {"fields": ["Genres"]}}]', 7, 1);
INSERT INTO public.django_admin_log (id, action_time, object_id, object_repr, action_flag, change_message, content_type_id, user_id) VALUES (22, '2022-11-01 17:48:41.279037+03', '7', 'Гойда', 2, '[{"changed": {"fields": ["Genres"]}}]', 7, 1);
INSERT INTO public.django_admin_log (id, action_time, object_id, object_repr, action_flag, change_message, content_type_id, user_id) VALUES (23, '2022-11-01 17:49:59.36807+03', '6', 'Детская книга', 1, '[{"added": {}}]', 8, 1);
INSERT INTO public.django_admin_log (id, action_time, object_id, object_repr, action_flag, change_message, content_type_id, user_id) VALUES (24, '2022-11-01 17:50:08.934062+03', '1', 'Лето в пионерском галстуке', 2, '[{"changed": {"fields": ["Genres"]}}]', 7, 1);
INSERT INTO public.django_admin_log (id, action_time, object_id, object_repr, action_flag, change_message, content_type_id, user_id) VALUES (25, '2022-11-01 17:50:24.110648+03', '6', 'О чем молчит Ласточка', 2, '[{"changed": {"fields": ["Genres"]}}]', 7, 1);
INSERT INTO public.django_admin_log (id, action_time, object_id, object_repr, action_flag, change_message, content_type_id, user_id) VALUES (26, '2022-11-01 17:50:42.497618+03', '9', 'Семь сестер. Сестра солнца', 2, '[{"changed": {"fields": ["Genres"]}}]', 7, 1);
INSERT INTO public.django_admin_log (id, action_time, object_id, object_repr, action_flag, change_message, content_type_id, user_id) VALUES (27, '2022-11-08 09:30:51.487583+03', '16', 'fhf', 3, '', 7, 1);
INSERT INTO public.django_admin_log (id, action_time, object_id, object_repr, action_flag, change_message, content_type_id, user_id) VALUES (28, '2022-11-08 09:30:51.503124+03', '12', 'fwesgew', 3, '', 7, 1);
INSERT INTO public.django_admin_log (id, action_time, object_id, object_repr, action_flag, change_message, content_type_id, user_id) VALUES (29, '2022-11-08 09:30:51.503124+03', '11', 'gkghkgh', 3, '', 7, 1);
INSERT INTO public.django_admin_log (id, action_time, object_id, object_repr, action_flag, change_message, content_type_id, user_id) VALUES (30, '2022-11-08 09:30:51.503124+03', '2', 'KGBT+', 3, '', 7, 1);
INSERT INTO public.django_admin_log (id, action_time, object_id, object_repr, action_flag, change_message, content_type_id, user_id) VALUES (31, '2022-11-08 09:30:51.503124+03', '14', 'ktt', 3, '', 7, 1);
INSERT INTO public.django_admin_log (id, action_time, object_id, object_repr, action_flag, change_message, content_type_id, user_id) VALUES (32, '2022-11-08 09:30:51.503124+03', '13', 're', 3, '', 7, 1);
INSERT INTO public.django_admin_log (id, action_time, object_id, object_repr, action_flag, change_message, content_type_id, user_id) VALUES (33, '2022-11-08 09:30:51.518757+03', '15', 'yey', 3, '', 7, 1);
INSERT INTO public.django_admin_log (id, action_time, object_id, object_repr, action_flag, change_message, content_type_id, user_id) VALUES (34, '2022-11-08 09:30:51.518757+03', '10', 'ythdfh', 3, '', 7, 1);
INSERT INTO public.django_admin_log (id, action_time, object_id, object_repr, action_flag, change_message, content_type_id, user_id) VALUES (35, '2022-11-08 10:19:59.216903+03', '17', 'cncnv', 3, '', 7, 1);
INSERT INTO public.django_admin_log (id, action_time, object_id, object_repr, action_flag, change_message, content_type_id, user_id) VALUES (36, '2022-11-08 10:19:59.232558+03', '18', 'tetet', 3, '', 7, 1);
INSERT INTO public.django_admin_log (id, action_time, object_id, object_repr, action_flag, change_message, content_type_id, user_id) VALUES (37, '2022-11-08 11:12:21.949165+03', '20', 'dgdgf', 3, '', 7, 1);
INSERT INTO public.django_admin_log (id, action_time, object_id, object_repr, action_flag, change_message, content_type_id, user_id) VALUES (38, '2022-11-08 11:12:21.962181+03', '26', 'fgnfgn', 3, '', 7, 1);
INSERT INTO public.django_admin_log (id, action_time, object_id, object_repr, action_flag, change_message, content_type_id, user_id) VALUES (39, '2022-11-08 11:12:21.962181+03', '24', 'fhfgh', 3, '', 7, 1);
INSERT INTO public.django_admin_log (id, action_time, object_id, object_repr, action_flag, change_message, content_type_id, user_id) VALUES (40, '2022-11-08 11:12:21.962181+03', '25', 'fhggh', 3, '', 7, 1);
INSERT INTO public.django_admin_log (id, action_time, object_id, object_repr, action_flag, change_message, content_type_id, user_id) VALUES (41, '2022-11-08 11:12:21.962181+03', '22', 'ghjhjh', 3, '', 7, 1);
INSERT INTO public.django_admin_log (id, action_time, object_id, object_repr, action_flag, change_message, content_type_id, user_id) VALUES (42, '2022-11-08 11:12:21.962181+03', '23', 'teteet', 3, '', 7, 1);
INSERT INTO public.django_admin_log (id, action_time, object_id, object_repr, action_flag, change_message, content_type_id, user_id) VALUES (43, '2022-11-08 11:19:53.810449+03', '28', 'dggddggf', 3, '', 7, 1);
INSERT INTO public.django_admin_log (id, action_time, object_id, object_repr, action_flag, change_message, content_type_id, user_id) VALUES (44, '2022-11-08 11:19:53.810449+03', '30', 'dhdfhd', 3, '', 7, 1);
INSERT INTO public.django_admin_log (id, action_time, object_id, object_repr, action_flag, change_message, content_type_id, user_id) VALUES (45, '2022-11-08 11:19:53.810449+03', '27', 'fghhg', 3, '', 7, 1);
INSERT INTO public.django_admin_log (id, action_time, object_id, object_repr, action_flag, change_message, content_type_id, user_id) VALUES (46, '2022-11-08 11:19:53.810449+03', '29', 'ttrt', 3, '', 7, 1);
INSERT INTO public.django_admin_log (id, action_time, object_id, object_repr, action_flag, change_message, content_type_id, user_id) VALUES (47, '2022-11-08 11:19:53.810449+03', '21', 'тапраапо', 3, '', 7, 1);
INSERT INTO public.django_admin_log (id, action_time, object_id, object_repr, action_flag, change_message, content_type_id, user_id) VALUES (48, '2022-11-13 17:19:23.776875+03', '2', 'administrator', 3, '', 4, 1);
INSERT INTO public.django_admin_log (id, action_time, object_id, object_repr, action_flag, change_message, content_type_id, user_id) VALUES (49, '2022-11-13 17:19:23.785309+03', '5', 'konstantah', 3, '', 4, 1);
INSERT INTO public.django_admin_log (id, action_time, object_id, object_repr, action_flag, change_message, content_type_id, user_id) VALUES (50, '2022-11-13 17:19:23.787355+03', '9', 'konstantah32232', 3, '', 4, 1);
INSERT INTO public.django_admin_log (id, action_time, object_id, object_repr, action_flag, change_message, content_type_id, user_id) VALUES (51, '2022-11-13 17:19:23.788322+03', '6', 'konstantah333', 3, '', 4, 1);
INSERT INTO public.django_admin_log (id, action_time, object_id, object_repr, action_flag, change_message, content_type_id, user_id) VALUES (52, '2022-11-13 17:19:23.789309+03', '10', 'konstantah3333', 3, '', 4, 1);
INSERT INTO public.django_admin_log (id, action_time, object_id, object_repr, action_flag, change_message, content_type_id, user_id) VALUES (53, '2022-11-13 17:19:23.790309+03', '14', 'konstantah3424', 3, '', 4, 1);
INSERT INTO public.django_admin_log (id, action_time, object_id, object_repr, action_flag, change_message, content_type_id, user_id) VALUES (54, '2022-11-13 17:19:23.791318+03', '13', 'konstantah346346', 3, '', 4, 1);
INSERT INTO public.django_admin_log (id, action_time, object_id, object_repr, action_flag, change_message, content_type_id, user_id) VALUES (55, '2022-11-13 17:19:23.792309+03', '11', 'konstantah421412', 3, '', 4, 1);
INSERT INTO public.django_admin_log (id, action_time, object_id, object_repr, action_flag, change_message, content_type_id, user_id) VALUES (56, '2022-11-13 17:19:23.792309+03', '12', 'konstantahettre', 3, '', 4, 1);
INSERT INTO public.django_admin_log (id, action_time, object_id, object_repr, action_flag, change_message, content_type_id, user_id) VALUES (57, '2022-11-13 17:19:23.793361+03', '8', 'konstantahwewr', 3, '', 4, 1);
INSERT INTO public.django_admin_log (id, action_time, object_id, object_repr, action_flag, change_message, content_type_id, user_id) VALUES (58, '2022-11-13 17:19:23.79431+03', '7', 'konstantahуку', 3, '', 4, 1);
INSERT INTO public.django_admin_log (id, action_time, object_id, object_repr, action_flag, change_message, content_type_id, user_id) VALUES (59, '2022-11-13 17:19:23.79535+03', '4', 'test', 3, '', 4, 1);
INSERT INTO public.django_admin_log (id, action_time, object_id, object_repr, action_flag, change_message, content_type_id, user_id) VALUES (60, '2022-11-13 17:19:23.79737+03', '3', 'user', 3, '', 4, 1);
INSERT INTO public.django_admin_log (id, action_time, object_id, object_repr, action_flag, change_message, content_type_id, user_id) VALUES (61, '2022-11-14 09:55:51.006462+03', '1', 'employee', 1, '[{"added": {}}]', 3, 1);
INSERT INTO public.django_admin_log (id, action_time, object_id, object_repr, action_flag, change_message, content_type_id, user_id) VALUES (62, '2022-11-14 09:56:36.044849+03', '15', 'ivan', 2, '[{"changed": {"fields": ["Groups"]}}]', 4, 1);
INSERT INTO public.django_admin_log (id, action_time, object_id, object_repr, action_flag, change_message, content_type_id, user_id) VALUES (63, '2022-11-14 10:51:42.595972+03', '1', 'employee', 2, '[{"changed": {"fields": ["Permissions"]}}]', 3, 1);
INSERT INTO public.django_admin_log (id, action_time, object_id, object_repr, action_flag, change_message, content_type_id, user_id) VALUES (64, '2022-11-14 10:55:26.152043+03', '16', 'test_user', 2, '[{"changed": {"fields": ["User permissions"]}}]', 4, 1);
INSERT INTO public.django_admin_log (id, action_time, object_id, object_repr, action_flag, change_message, content_type_id, user_id) VALUES (65, '2022-11-14 11:12:58.398583+03', '15', 'ivan', 2, '[{"changed": {"fields": ["User permissions"]}}]', 4, 1);
INSERT INTO public.django_admin_log (id, action_time, object_id, object_repr, action_flag, change_message, content_type_id, user_id) VALUES (66, '2022-11-14 11:13:35.62808+03', '1', 'employee', 2, '[{"changed": {"fields": ["Permissions"]}}]', 3, 1);
INSERT INTO public.django_admin_log (id, action_time, object_id, object_repr, action_flag, change_message, content_type_id, user_id) VALUES (67, '2022-11-14 11:36:07.103167+03', '15', 'ivan', 2, '[{"changed": {"fields": ["User permissions"]}}]', 4, 1);
INSERT INTO public.django_admin_log (id, action_time, object_id, object_repr, action_flag, change_message, content_type_id, user_id) VALUES (68, '2022-11-15 16:45:26.344376+03', '1', 'admin, Бессмертный Том 1', 1, '[{"added": {}}]', 9, 1);
INSERT INTO public.django_admin_log (id, action_time, object_id, object_repr, action_flag, change_message, content_type_id, user_id) VALUES (69, '2022-11-15 16:50:16.946571+03', '2', 'test_user, Бессмертный Том 1', 1, '[{"added": {}}]', 9, 1);
INSERT INTO public.django_admin_log (id, action_time, object_id, object_repr, action_flag, change_message, content_type_id, user_id) VALUES (70, '2022-11-15 18:09:00.970682+03', '2', 'test_user, Бессмертный Том 1', 2, '[{"changed": {"fields": ["\u0420\u0435\u0439\u0442\u0438\u043d\u0433 \u043a\u043d\u0438\u0433\u0438"]}}]', 9, 1);
INSERT INTO public.django_admin_log (id, action_time, object_id, object_repr, action_flag, change_message, content_type_id, user_id) VALUES (71, '2022-11-15 18:09:05.216028+03', '3', 'admin, KGBT+', 2, '[]', 9, 1);
INSERT INTO public.django_admin_log (id, action_time, object_id, object_repr, action_flag, change_message, content_type_id, user_id) VALUES (72, '2022-11-15 18:23:40.580757+03', '4', 'ivan, Бессмертный Том 1', 2, '[{"changed": {"fields": ["\u0420\u0435\u0439\u0442\u0438\u043d\u0433 \u043a\u043d\u0438\u0433\u0438"]}}]', 9, 1);
INSERT INTO public.django_admin_log (id, action_time, object_id, object_repr, action_flag, change_message, content_type_id, user_id) VALUES (73, '2023-01-13 14:44:13.21806+03', '1', 'Пелевин Виктор', 1, '[{"added": {}}]', 10, 1);
INSERT INTO public.django_admin_log (id, action_time, object_id, object_repr, action_flag, change_message, content_type_id, user_id) VALUES (74, '2023-01-13 14:45:05.829619+03', '19', 'KGBT+', 2, '[{"changed": {"fields": ["\u041e\u043f\u0438\u0441\u0430\u043d\u0438\u0435 \u043a\u043d\u0438\u0433\u0438", "\u0410\u0432\u0442\u043e\u0440 \u043a\u043d\u0438\u0433\u0438"]}}]', 7, 1);
INSERT INTO public.django_admin_log (id, action_time, object_id, object_repr, action_flag, change_message, content_type_id, user_id) VALUES (75, '2023-01-13 14:48:01.771097+03', '2', 'Тунсю Мосян', 1, '[{"added": {}}]', 10, 1);
INSERT INTO public.django_admin_log (id, action_time, object_id, object_repr, action_flag, change_message, content_type_id, user_id) VALUES (76, '2023-01-13 14:48:14.313737+03', '5', 'Благословение небожителей. Том 1', 2, '[{"changed": {"fields": ["\u041e\u043f\u0438\u0441\u0430\u043d\u0438\u0435 \u043a\u043d\u0438\u0433\u0438", "\u0410\u0432\u0442\u043e\u0440 \u043a\u043d\u0438\u0433\u0438"]}}]', 7, 1);
INSERT INTO public.django_admin_log (id, action_time, object_id, object_repr, action_flag, change_message, content_type_id, user_id) VALUES (77, '2023-01-13 14:48:22.810962+03', '3', 'Благословение небожителей. Том 2', 2, '[{"changed": {"fields": ["\u041e\u043f\u0438\u0441\u0430\u043d\u0438\u0435 \u043a\u043d\u0438\u0433\u0438", "\u0410\u0432\u0442\u043e\u0440 \u043a\u043d\u0438\u0433\u0438"]}}]', 7, 1);
INSERT INTO public.django_admin_log (id, action_time, object_id, object_repr, action_flag, change_message, content_type_id, user_id) VALUES (78, '2023-01-13 14:51:51.822543+03', '3', 'Малисова Елена', 1, '[{"added": {}}]', 10, 1);
INSERT INTO public.django_admin_log (id, action_time, object_id, object_repr, action_flag, change_message, content_type_id, user_id) VALUES (79, '2023-01-13 14:52:03.802391+03', '6', 'О чем молчит Ласточка', 2, '[{"changed": {"fields": ["\u041e\u043f\u0438\u0441\u0430\u043d\u0438\u0435 \u043a\u043d\u0438\u0433\u0438", "\u0410\u0432\u0442\u043e\u0440 \u043a\u043d\u0438\u0433\u0438"]}}]', 7, 1);
INSERT INTO public.django_admin_log (id, action_time, object_id, object_repr, action_flag, change_message, content_type_id, user_id) VALUES (80, '2023-01-13 14:52:16.446694+03', '1', 'Лето в пионерском галстуке', 2, '[{"changed": {"fields": ["\u0410\u0432\u0442\u043e\u0440 \u043a\u043d\u0438\u0433\u0438"]}}]', 7, 1);
INSERT INTO public.django_admin_log (id, action_time, object_id, object_repr, action_flag, change_message, content_type_id, user_id) VALUES (81, '2023-01-13 14:54:22.056192+03', '4', 'Сакавич Нора', 1, '[{"added": {}}]', 10, 1);
INSERT INTO public.django_admin_log (id, action_time, object_id, object_repr, action_flag, change_message, content_type_id, user_id) VALUES (82, '2023-01-13 14:54:34.936483+03', '31', 'Сакавич Нора: Лисья нора. Книга 1', 2, '[{"changed": {"fields": ["\u0410\u0432\u0442\u043e\u0440 \u043a\u043d\u0438\u0433\u0438"]}}]', 7, 1);
INSERT INTO public.django_admin_log (id, action_time, object_id, object_repr, action_flag, change_message, content_type_id, user_id) VALUES (83, '2023-01-13 15:13:13.495422+03', '5', 'Райли Люсинда', 1, '[{"added": {}}]', 10, 1);
INSERT INTO public.django_admin_log (id, action_time, object_id, object_repr, action_flag, change_message, content_type_id, user_id) VALUES (84, '2023-01-13 15:13:28.649558+03', '9', 'Семь сестер. Сестра солнца', 2, '[{"changed": {"fields": ["\u041e\u043f\u0438\u0441\u0430\u043d\u0438\u0435 \u043a\u043d\u0438\u0433\u0438", "\u0410\u0432\u0442\u043e\u0440 \u043a\u043d\u0438\u0433\u0438"]}}]', 7, 1);
INSERT INTO public.django_admin_log (id, action_time, object_id, object_repr, action_flag, change_message, content_type_id, user_id) VALUES (85, '2023-01-13 15:13:36.768268+03', '8', 'Тьма после рассвета', 2, '[{"changed": {"fields": ["\u041e\u043f\u0438\u0441\u0430\u043d\u0438\u0435 \u043a\u043d\u0438\u0433\u0438", "\u0410\u0432\u0442\u043e\u0440 \u043a\u043d\u0438\u0433\u0438"]}}]', 7, 1);
INSERT INTO public.django_admin_log (id, action_time, object_id, object_repr, action_flag, change_message, content_type_id, user_id) VALUES (86, '2023-01-13 15:14:47.970285+03', '6', 'Кориандр', 1, '[{"added": {}}]', 10, 1);
INSERT INTO public.django_admin_log (id, action_time, object_id, object_repr, action_flag, change_message, content_type_id, user_id) VALUES (87, '2023-01-13 15:14:59.69486+03', '4', 'Бессмертный Том 1', 2, '[{"changed": {"fields": ["\u041e\u043f\u0438\u0441\u0430\u043d\u0438\u0435 \u043a\u043d\u0438\u0433\u0438", "\u0410\u0432\u0442\u043e\u0440 \u043a\u043d\u0438\u0433\u0438"]}}]', 7, 1);
INSERT INTO public.django_admin_log (id, action_time, object_id, object_repr, action_flag, change_message, content_type_id, user_id) VALUES (88, '2023-01-13 15:15:06.257095+03', '7', 'Гойда', 2, '[{"changed": {"fields": ["\u0410\u0432\u0442\u043e\u0440 \u043a\u043d\u0438\u0433\u0438"]}}]', 7, 1);
INSERT INTO public.django_admin_log (id, action_time, object_id, object_repr, action_flag, change_message, content_type_id, user_id) VALUES (89, '2023-01-13 15:18:35.810837+03', '7', 'Маринина Александра', 1, '[{"added": {}}]', 10, 1);
INSERT INTO public.django_admin_log (id, action_time, object_id, object_repr, action_flag, change_message, content_type_id, user_id) VALUES (90, '2023-01-13 15:18:46.25332+03', '8', 'Тьма после рассвета', 2, '[{"changed": {"fields": ["\u0410\u0432\u0442\u043e\u0440 \u043a\u043d\u0438\u0433\u0438"]}}]', 7, 1);


--
-- TOC entry 3492 (class 0 OID 16961)
-- Dependencies: 223
-- Data for Name: django_content_type; Type: TABLE DATA; Schema: public; Owner: postgres
--

INSERT INTO public.django_content_type (id, app_label, model) VALUES (1, 'admin', 'logentry');
INSERT INTO public.django_content_type (id, app_label, model) VALUES (2, 'auth', 'permission');
INSERT INTO public.django_content_type (id, app_label, model) VALUES (3, 'auth', 'group');
INSERT INTO public.django_content_type (id, app_label, model) VALUES (4, 'auth', 'user');
INSERT INTO public.django_content_type (id, app_label, model) VALUES (5, 'contenttypes', 'contenttype');
INSERT INTO public.django_content_type (id, app_label, model) VALUES (6, 'sessions', 'session');
INSERT INTO public.django_content_type (id, app_label, model) VALUES (7, 'library', 'book');
INSERT INTO public.django_content_type (id, app_label, model) VALUES (8, 'library', 'genre');
INSERT INTO public.django_content_type (id, app_label, model) VALUES (9, 'library', 'reviews');
INSERT INTO public.django_content_type (id, app_label, model) VALUES (10, 'library', 'author');
INSERT INTO public.django_content_type (id, app_label, model) VALUES (11, 'cart', 'order_address');
INSERT INTO public.django_content_type (id, app_label, model) VALUES (12, 'cart', 'order');
INSERT INTO public.django_content_type (id, app_label, model) VALUES (13, 'cart', 'pos_order');


--
-- TOC entry 3494 (class 0 OID 16965)
-- Dependencies: 225
-- Data for Name: django_migrations; Type: TABLE DATA; Schema: public; Owner: postgres
--

INSERT INTO public.django_migrations (id, app, name, applied) VALUES (1, 'contenttypes', '0001_initial', '2022-10-30 12:48:26.923348+03');
INSERT INTO public.django_migrations (id, app, name, applied) VALUES (2, 'auth', '0001_initial', '2022-10-30 12:48:26.988622+03');
INSERT INTO public.django_migrations (id, app, name, applied) VALUES (3, 'admin', '0001_initial', '2022-10-30 12:48:27.009182+03');
INSERT INTO public.django_migrations (id, app, name, applied) VALUES (4, 'admin', '0002_logentry_remove_auto_add', '2022-10-30 12:48:27.014304+03');
INSERT INTO public.django_migrations (id, app, name, applied) VALUES (5, 'admin', '0003_logentry_add_action_flag_choices', '2022-10-30 12:48:27.019406+03');
INSERT INTO public.django_migrations (id, app, name, applied) VALUES (6, 'contenttypes', '0002_remove_content_type_name', '2022-10-30 12:48:27.034469+03');
INSERT INTO public.django_migrations (id, app, name, applied) VALUES (7, 'auth', '0002_alter_permission_name_max_length', '2022-10-30 12:48:27.041497+03');
INSERT INTO public.django_migrations (id, app, name, applied) VALUES (8, 'auth', '0003_alter_user_email_max_length', '2022-10-30 12:48:27.047431+03');
INSERT INTO public.django_migrations (id, app, name, applied) VALUES (9, 'auth', '0004_alter_user_username_opts', '2022-10-30 12:48:27.053497+03');
INSERT INTO public.django_migrations (id, app, name, applied) VALUES (10, 'auth', '0005_alter_user_last_login_null', '2022-10-30 12:48:27.060526+03');
INSERT INTO public.django_migrations (id, app, name, applied) VALUES (11, 'auth', '0006_require_contenttypes_0002', '2022-10-30 12:48:27.062543+03');
INSERT INTO public.django_migrations (id, app, name, applied) VALUES (12, 'auth', '0007_alter_validators_add_error_messages', '2022-10-30 12:48:27.068536+03');
INSERT INTO public.django_migrations (id, app, name, applied) VALUES (13, 'auth', '0008_alter_user_username_max_length', '2022-10-30 12:48:27.08076+03');
INSERT INTO public.django_migrations (id, app, name, applied) VALUES (14, 'auth', '0009_alter_user_last_name_max_length', '2022-10-30 12:48:27.088808+03');
INSERT INTO public.django_migrations (id, app, name, applied) VALUES (15, 'auth', '0010_alter_group_name_max_length', '2022-10-30 12:48:27.095775+03');
INSERT INTO public.django_migrations (id, app, name, applied) VALUES (16, 'auth', '0011_update_proxy_permissions', '2022-10-30 12:48:27.102318+03');
INSERT INTO public.django_migrations (id, app, name, applied) VALUES (17, 'auth', '0012_alter_user_first_name_max_length', '2022-10-30 12:48:27.108327+03');
INSERT INTO public.django_migrations (id, app, name, applied) VALUES (18, 'library', '0001_initial', '2022-10-30 12:48:27.116407+03');
INSERT INTO public.django_migrations (id, app, name, applied) VALUES (19, 'sessions', '0001_initial', '2022-10-30 12:48:27.128409+03');
INSERT INTO public.django_migrations (id, app, name, applied) VALUES (20, 'library', '0002_genre_alter_book_options_book_genres', '2022-11-01 12:53:27.375249+03');
INSERT INTO public.django_migrations (id, app, name, applied) VALUES (21, 'library', '0003_alter_genre_options_alter_book_author_and_more', '2022-11-07 17:51:51.966656+03');
INSERT INTO public.django_migrations (id, app, name, applied) VALUES (22, 'library', '0004_alter_book_cover_type', '2022-11-07 17:53:55.149649+03');
INSERT INTO public.django_migrations (id, app, name, applied) VALUES (23, 'library', '0005_alter_book_cover_type', '2022-11-07 17:54:46.173523+03');
INSERT INTO public.django_migrations (id, app, name, applied) VALUES (24, 'library', '0006_alter_book_pub_date', '2022-11-08 10:30:16.073375+03');
INSERT INTO public.django_migrations (id, app, name, applied) VALUES (25, 'library', '0007_alter_book_genres', '2022-11-08 10:42:38.420041+03');
INSERT INTO public.django_migrations (id, app, name, applied) VALUES (26, 'library', '0008_reviews', '2022-11-15 15:56:37.595322+03');
INSERT INTO public.django_migrations (id, app, name, applied) VALUES (27, 'library', '0009_reviews_raiting_alter_reviews_book_connected_and_more', '2022-11-15 18:08:01.826051+03');
INSERT INTO public.django_migrations (id, app, name, applied) VALUES (28, 'library', '0010_author_book_owner', '2022-12-29 11:14:20.626179+03');
INSERT INTO public.django_migrations (id, app, name, applied) VALUES (29, 'library', '0011_alter_author_options_remove_book_author_and_more', '2022-12-29 11:14:20.641182+03');
INSERT INTO public.django_migrations (id, app, name, applied) VALUES (30, 'library', '0012_alter_book_owner', '2022-12-29 11:14:20.648647+03');
INSERT INTO public.django_migrations (id, app, name, applied) VALUES (31, 'library', '0013_reviews_is_moderation', '2022-12-29 11:14:20.666477+03');
INSERT INTO public.django_migrations (id, app, name, applied) VALUES (32, 'library', '0014_remove_reviews_is_moderation', '2022-12-29 11:14:20.675487+03');
INSERT INTO public.django_migrations (id, app, name, applied) VALUES (33, 'library', '0015_order_address', '2022-12-29 11:14:20.686392+03');
INSERT INTO public.django_migrations (id, app, name, applied) VALUES (34, 'library', '0016_delete_order_address', '2022-12-29 11:14:20.692393+03');
INSERT INTO public.django_migrations (id, app, name, applied) VALUES (35, 'cart', '0001_initial', '2022-12-29 11:14:20.705201+03');
INSERT INTO public.django_migrations (id, app, name, applied) VALUES (36, 'cart', '0002_alter_order_address_zip_code', '2022-12-29 11:14:20.708348+03');
INSERT INTO public.django_migrations (id, app, name, applied) VALUES (37, 'cart', '0003_order_alter_order_address_options_pos_order_and_more', '2022-12-29 11:14:20.746379+03');
INSERT INTO public.django_migrations (id, app, name, applied) VALUES (38, 'cart', '0004_alter_order_status', '2022-12-29 11:14:20.753098+03');
INSERT INTO public.django_migrations (id, app, name, applied) VALUES (39, 'cart', '0005_alter_pos_order_options_alter_pos_order_order', '2022-12-29 11:14:20.78819+03');
INSERT INTO public.django_migrations (id, app, name, applied) VALUES (40, 'cart', '0006_alter_order_options', '2022-12-29 11:14:20.793196+03');
INSERT INTO public.django_migrations (id, app, name, applied) VALUES (41, 'library', '0017_alter_book_pub_date', '2023-01-13 13:34:29.1073+03');


--
-- TOC entry 3496 (class 0 OID 16971)
-- Dependencies: 227
-- Data for Name: django_session; Type: TABLE DATA; Schema: public; Owner: postgres
--

INSERT INTO public.django_session (session_key, session_data, expire_date) VALUES ('zi5lqgr2gdgmuscqiln3xr7hnyuqn0fa', '.eJxVjDsOwjAQBe_iGllZb2wvlPQ5g7X-4QCypTipEHeHSCmgfTPzXsLxtha39bS4OYqLAHH63TyHR6o7iHeutyZDq-sye7kr8qBdTi2m5_Vw_w4K9_Ktgx5t8AmRUKkxY0Rj2OigU7ADQ8qU_aABAOmMqIi8BtRkkcAyRSveH8wQNrk:1op5Ck:-wDcjtXYNCJaJI0lY8BnqcAd8gq03-F6LpFA1hf0O2Q', '2022-11-13 13:06:10.578813+03');
INSERT INTO public.django_session (session_key, session_data, expire_date) VALUES ('jee913fjsc0rao14fgq47vvjch1qopmx', '.eJxVjDsOwjAQBe_iGllZb2wvlPQ5g7X-4QCypTipEHeHSCmgfTPzXsLxtha39bS4OYqLAHH63TyHR6o7iHeutyZDq-sye7kr8qBdTi2m5_Vw_w4K9_Ktgx5t8AmRUKkxY0Rj2OigU7ADQ8qU_aABAOmMqIi8BtRkkcAyRSveH8wQNrk:1ouxma:GW3zdLqtDHVM_Ni_sa_eURTa99H-kMgiAffjuH3rf2I', '2022-11-29 18:23:28.639953+03');
INSERT INTO public.django_session (session_key, session_data, expire_date) VALUES ('ulkormevxj7fy1doeseo75ez8p2mhwtt', '.eJxVjDsOwjAQBe_iGllZb2wvlPQ5g7X-4QCypTipEHeHSCmgfTPzXsLxtha39bS4OYqLAHH63TyHR6o7iHeutyZDq-sye7kr8qBdTi2m5_Vw_w4K9_Ktgx5t8AmRUKkxY0Rj2OigU7ADQ8qU_aABAOmMqIi8BtRkkcAyRSveH8wQNrk:1osMq2:s7wxV2ssFB2p3pCJd4O5xF4aH-HBeARmw0zuWJuQtDg', '2022-11-22 14:32:18.12684+03');
INSERT INTO public.django_session (session_key, session_data, expire_date) VALUES ('jg9je2gnxrc84bp10bisb3ymudekg46r', '.eJxVjDsOwjAQBe_iGllZb2wvlPQ5g7X-4QCypTipEHeHSCmgfTPzXsLxtha39bS4OYqLAHH63TyHR6o7iHeutyZDq-sye7kr8qBdTi2m5_Vw_w4K9_Ktgx5t8AmRUKkxY0Rj2OigU7ADQ8qU_aABAOmMqIi8BtRkkcAyRSveH8wQNrk:1ou6HX:vO32DrQhx4X4KOqoMv9ARFguEV4jx9QrjP1KCTA0PqY', '2022-11-27 09:15:51.684986+03');
INSERT INTO public.django_session (session_key, session_data, expire_date) VALUES ('bnkck3da5cdgc788zzifaoy35tdr0jbx', '.eJxVjDsOwjAQBe_iGllZb2wvlPQ5g7X-4QCypTipEHeHSCmgfTPzXsLxtha39bS4OYqLAHH63TyHR6o7iHeutyZDq-sye7kr8qBdTi2m5_Vw_w4K9_Ktgx5t8AmRUKkxY0Rj2OigU7ADQ8qU_aABAOmMqIi8BtRkkcAyRSveH8wQNrk:1owk6m:febFxxmRx3ZXO20Ff2qOkKoPAZ_iV3CvJc7Ct73i5qg', '2022-12-04 16:11:40.300288+03');
INSERT INTO public.django_session (session_key, session_data, expire_date) VALUES ('ezmg2rk66o1iaukokdqzs6ejdgin6n90', '.eJxVjDsOwjAQBe_iGllZb2wvlPQ5g7X-4QCypTipEHeHSCmgfTPzXsLxtha39bS4OYqLAHH63TyHR6o7iHeutyZDq-sye7kr8qBdTi2m5_Vw_w4K9_Ktgx5t8AmRUKkxY0Rj2OigU7ADQ8qU_aABAOmMqIi8BtRkkcAyRSveH8wQNrk:1ox4EY:OlCBVw__gVh0BtCnD8YkMY4vq9YYJ8p-phtBJYx1xyU', '2022-12-05 13:41:02.26853+03');


--
-- TOC entry 3506 (class 0 OID 17124)
-- Dependencies: 237
-- Data for Name: library_author; Type: TABLE DATA; Schema: public; Owner: postgres
--

INSERT INTO public.library_author (id, full_name, biography, photo, birth_date, death_date) VALUES (1, 'Пелевин Виктор', 'Виктор Олегович Пелевин (род. 22 ноября 1962, Москва) – российский писатель, постмодернист, лауреат многочисленных премий. Родился в семье преподавателя военной кафедры МГТУ им. Баумана и завотделом гастронома. Некоторое время жил в коммуналке на Тверском бульваре, позже семья переехала в собственную трехкомнатную квартиру в Северном Чертанове, где, если верить СМИ, писатель проживает до сих пор и даже зарегистрировал ИП в местном филиале ПФ.

После окончания школы с углубленным изучением английского языка в 1979 году Пелевин поступил в МЭИ на факультет электрификации и автоматизации промышленности и транспорта. По окончании остался в институте, служил инженером на кафедре электрического транспорта, и учился в очной аспирантуре там же. Написал диссертацию об электроприводе городского троллейбуса с асинхронным двигателем, но данных о защите нет. Как, впрочем, и достоверных подтверждений того, что в конце 80-х писатель-буддист служил в ВВС, о чем иногда упоминается на фанатских ресурсах.

В 1989 году будущий лауреат Малой букеровской премии и неоднократный номинант на престижные литературные награды поступил в Литературный институт им. Горького, но спустя два года был отчислен – за утрату связи с вузом, по его собственным словам. В этом же году начал сотрудничать с журналом «Наука и религия», для которого готовил материалы по восточному мистицизму, и служил штатным корреспондентом журнала «Face to Face». Тогда же был опубликован его первый рассказ: по одним данным «Колдун Игнат и люди» в «Науке и религии», по другим – «Дед Игнат и люди» в «Химия и жизнь».

Дебютный сборник рассказов вышел в 1991 году, еще через год роман «Омон Ра» принес первую популярность, но настоящее признание – сразу с Малым букером – пришло спустя два года и только росло по экспоненте. Спустя пять лет вышел первый российский «дзен-буддистский» роман «Чапаев и Пустота», который в 2001 вошел в шорт знаменитой Дублинской литературной премии и принес Пелевину международную известность. В 1999 году автор представляет «ностальгический и саркастический» роман «Generation П» и окончательно укрепляется в статусе рупора поколения, культового писателя современности. Следующие тексты будут неоднократно номинироваться на Большую книгу, НОС, НацБест и другие престижные премии.

О частной жизни писателя известно так мало – практически ничего – что за последние годы не раз возникали предположения о том, что Виктор Пелевин скорее проект, чем человек, что, возможно, его не существует вовсе или, по словам Дмитрия Быкова, если и существует, то в астрале.

На немногочисленных встречах с журналистами писатель продолжает поддерживать реноме меланхоличного мистификатора. Он не опровергает и не подтверждает слухов о себе. Единственное, что отрицал – прием веществ, расширяющих сознание, зато упомянул, что любит китайский чай. Известно также, что много путешествовал – преимущественно на Восток, где изучал духовные практики.

У Виктора Пелевина нет аккаунтов в социальных сетях, он почти не дает интервью и не появляется на публике. На церемонии вручения одной из премий на сцену вынесли картонную ростовую фигуру автора, то ли иронизируя над слухами о его нереальности, то ли поддерживая интригу. Но какие-бы домыслы среди поклонников и журналистов ни выдвигались, Виктор Пелевин продолжает радовать поклонников новинками, стабильно занимающими списки бестселлеров и первые строчки всевозможных читательских рейтингов.', 'image/2023/01/13/64324.jpg', '1962-11-22', NULL);
INSERT INTO public.library_author (id, full_name, biography, photo, birth_date, death_date) VALUES (2, 'Тунсю Мосян', 'Rитайская писательница фэнтезийных романов в жанре Даньмэй. Начала публиковаться на китайской литературной онлайн-платформе «Цзиньцзян».', '', '1987-01-13', NULL);
INSERT INTO public.library_author (id, full_name, biography, photo, birth_date, death_date) VALUES (3, 'Малисова Елена', 'Малисова, появившаяся на свет 18 мая 1986 года, родом из небольшого провинциального города России. В Москву она переехала сразу после свадьбы, успев в столице поучиться в двух колледжах и получить высшее образование.

Страсть к сочинительству зародилась у девочки еще в раннем детстве. Будущая писательница любила придумывать истории, хотя переносить их на бумагу начала довольно поздно — примерно с 11-летнего возраста, пробовала себя в поэзии, выступая со стихами на конкурсах и даже печатаясь в маленькой газете на родине. Когда девушке, перечитавшей много классической и самиздатовской литературы, исполнилось 24 года, она создала дебютное прозаическое произведение о любви, снабженное собственными воспоминаниями и ностальгией по неформальной юности.

В качестве источников вдохновения Елена указала живопись, скульптуру, мифы и заблуждения; кроме того, она интересуется религией, культурой и историей, в том числе и Советского Союза', 'image/2023/01/13/Elena_Malisova_qXb6z5p.jpg', '1986-06-18', NULL);
INSERT INTO public.library_author (id, full_name, biography, photo, birth_date, death_date) VALUES (4, 'Сакавич Нора', 'Молодая писательница, известная благодаря трилогии «Всё ради игры». Изначально свои книги девушка публиковала в интернете, где быстро нашла читателей. А позже вся трилогия вышла и на бумаге.', 'image/2023/01/13/nora.jpg', '1992-04-25', NULL);
INSERT INTO public.library_author (id, full_name, biography, photo, birth_date, death_date) VALUES (5, 'Райли Люсинда', 'Люсинда Эдмондс родилась в Лисберне и провела первые несколько лет своей жизни в деревне Драмбег недалеко от Белфаста, прежде чем переехать в Англию. В возрасте 14 лет она поступила в Академию театрального искусства Италии Конти в Лондоне, чтобы изучать театр и балет. В 16 лет она получила свою первую главную роль на телевидении в адаптации Би-би-си "Истории искателей сокровищ", за которой вскоре последовала гостевая роль в фильме "Auf Wiedersehen Pet". Она оставалась действующей актрисой в течение следующих семи лет.
Ее актерская карьера была прервана длительным приступом мононуклеоза. Это заставило ее обратиться к писательству, и ее первый роман "Любовники и игроки" был опубликован в 1992 году.
С 1988 по 1998 год она была замужем за актером Оуэном Уиттейкером, от которого у нее было двое детей, Гарри и Белла. С 2000 года и до своей смерти она была замужем за Стивеном Райли, от которого у нее также было двое детей, Леонора и Кит. От второго брака у нее также было трое пасынков: Оливия, Уильям и Макс. Она сделала перерыв в писательской деятельности, вернувшись к ней в 2010 году; ее последующие романы были опубликованы под ее фамилией по мужу.
В 2016 году продюсер Раффаэлла Де Лаурентис приобрела телевизионные права на ее серию романов "Семь сестер". Эта серия романов сделала ее автором бестселлеров, преимущественно в Нидерландах и Германии. В совокупности было продано более 30 миллионов книг серии.
В 2019 году Райли рассказала норвежской газете Verdens Gang, что у нее рак пищевода.[5] Она продолжала работать, выпустив пять романов за четыре года своей болезни, но не смогла завершить запланированный последний восьмой роман из серии "Семь сестер", который пишет ее сын Гарри Уиттакер. Она умерла 11 июня 2021', 'image/2023/01/13/lucinda_riley.jpg', '1965-01-16', '2021-07-11');
INSERT INTO public.library_author (id, full_name, biography, photo, birth_date, death_date) VALUES (6, 'Кориандр', 'К сожалению об этом авторе нет информации', '', '1990-01-13', NULL);
INSERT INTO public.library_author (id, full_name, biography, photo, birth_date, death_date) VALUES (7, 'Маринина Александра', 'Александра Маринина — «литературная мама» сыщицы Насти Каменской. От прочих авторов детективов романы российской писательницы отличает психологизм, взгляд со стороны, отсутствие идеальных героев. В ее книгах поимка преступника не главная цель: читатель погружается в отношения и взаимосвязи между людьми. Произведения Марининой переведены на 28 языков и издаются в 40 странах мира.', 'image/2023/01/13/alexandra_marinina_003.jpg', '1957-07-16', NULL);


--
-- TOC entry 3497 (class 0 OID 16976)
-- Dependencies: 228
-- Data for Name: library_book; Type: TABLE DATA; Schema: public; Owner: postgres
--

INSERT INTO public.library_book (id, title, description, num_pages, cover_type, price, sizes, pub_date, photo_cover, photo_back, owner_id) VALUES (3, 'Благословение небожителей. Том 2', 'Всё в этом мире имеет счёт: и удача, и невезение.

Беды преследуют Се Ляня одна за другой: вот он ненароком устроил поджог, а вот столкнулся с призраками прошлого, о которых предпочёл бы забыть…

Восемьсот лет назад он был любимцем толпы, а матушка, отец и советник возлагали на него большие надежды. Слава о его подвигах стремительно достигла Небес, и в год своего семнадцатилетия Се Лянь вознёсся. Однако радость была скоротечна: в государстве Сяньлэ настали тяжёлые времена. Видя страдания своего народа, принц был не в силах остаться в стороне. Но может ли бог выбирать чью-то сторону?', 464, 'твердая', 1250, '154x224 мм', 2019, 'image/2022/10/30/67272da4d5e0d117ba6a34fdad5aa641.jpg', 'image/2022/10/30/cover4__w410.jpg', 2);
INSERT INTO public.library_book (id, title, description, num_pages, cover_type, price, sizes, pub_date, photo_cover, photo_back, owner_id) VALUES (6, 'О чем молчит Ласточка', '«Что бы ни случилось, не потеряйте друг друга. Что бы ни случилось, не потеряйте себя», — повторяли они в далекой юности. Не сбылось.
Но спустя двадцать лет Володя и Юра встретились снова. Возможно ли построить будущее на руинах давно забытого прошлого? Или лучше позволить ему умереть, сделав по-настоящему ценным?..
«О чем молчит Ласточка» — долгожданное продолжение бестселлера «Лето в пионерском галстуке».', 688, 'твердая', 749, '140x210 мм', 2022, 'image/2022/10/30/c9a4c873c9a1b03f6d27d5137f549d66.jpg', 'image/2022/10/30/95e963a7546324542c3366afe7ee90a7.jpg', 3);
INSERT INTO public.library_book (id, title, description, num_pages, cover_type, price, sizes, pub_date, photo_cover, photo_back, owner_id) VALUES (4, 'Бессмертный Том 1', '...черное — белое, воля — неволя, любовь — ненависть. Что ты будешь делать, когда все перемешается? Когда на белом проступит чернота, когда несвобода избавит от темного гнета души, когда тот, кого ненавидел...
Что ты будешь делать?
История о боли, потерях, отмщении и сломанных судьбах. Но всегда есть место свету, надежде и прощению, даже когда мрак наступает.
Суперпопулярный веб-комикс теперь в бумаге.
Темный ретеллинг древней легенды о Кощее Бессмертном и Иване-царевиче, пропитанный обреченностью и болью.
Потрясающая рисовка, делающая каждую страницу произведением искусства.
Терпкая и горькая история взаимоотношений главных героев, один из которых несет в сердце любовь, а второй уже давно забыл, что это такое.', 176, 'твердая', 1325, '183x288 мм', 2022, 'image/2022/10/30/20179a5f55d72eb1d1156f302236b8f4.jpg', 'image/2022/10/30/cover4__w411.jpg', 6);
INSERT INTO public.library_book (id, title, description, num_pages, cover_type, price, sizes, pub_date, photo_cover, photo_back, owner_id) VALUES (7, 'Гойда', 'Юный сын бывалого воеводы Федор Басманов прибывает к царскому двору, чтобы служить государю словом и делом. Страна разрывается на части: воля владыки все больше вызывает сомнение у народа, а опричники сеют страх и смерть, где бы ни ступала их нога. Федору предстоит принять правила игры и выжить во всепоглощающем пламени жестокости и насилия. Сможет ли он сохранить свою душу или нет ей места в столь жутком мире царской воли?', 864, 'мягкая', 1499, '138x212 мм', 2022, 'image/2022/10/30/cover13d__w410.jpg', 'image/2022/10/30/cover4__w4170.jpg', 6);
INSERT INTO public.library_book (id, title, description, num_pages, cover_type, price, sizes, pub_date, photo_cover, photo_back, owner_id) VALUES (19, 'KGBT+', 'Вбойщик KGBT+ (автор классических стримов «Катастрофа», «Летитбизм» и других) известен всей планете как титан перформанса и духа. Если вы не слышали его имени, значит, эпоха green power для вас еще не наступила и завоевавшее планету искусство B2B (brain-to-brain streaming) каким-то чудом обошло вас стороной.
Но эта книга — не просто очередное жизнеописание звезды шоу-биза. Это учебник успеха. Великий вбойщик дает множество мемо-советов нацеленному на победу молодому исполнителю. KGBT+ подробно рассказывает историю создания своих шедевров и комментирует сложные факты своей биографии, включая убийства, покушения и почти вековую отсидку в баночной тюрьме, а также опровергает многочисленные слухи о своей личной жизни. Настоящее издание впервые включает повесть «Дом Бахии» о прошлой (предположительно) жизни легендарного вбойщика в Японии и Бирме.
Книга не только подарит вам несколько интересных вечеров, но и познакомит с аутентичными древними психотехниками, применение которых позволит пережить нашу великую эпоху с минимальным вредом для здоровья и психики.', 560, 'твердая', 949, '135x207 мм', 2022, 'image/2022/11/08/cover3d__w410.png', 'image/2022/11/08/cover4__w410.png', 1);
INSERT INTO public.library_book (id, title, description, num_pages, cover_type, price, sizes, pub_date, photo_cover, photo_back, owner_id) VALUES (5, 'Благословение небожителей. Том 1', 'В незапамятные времена Се Лянь был наследным принцем государства Сяньлэ. Судьба одарила его всем: прекрасным ликом, чистыми помыслами и бесконечной любовью своих подданных. И если уж кому-то и было предначертано стать Божеством, то именно Его Высочеству.
Однако удержаться на Небесах оказалось для него не так просто. Се Лянь возносился дважды и дважды был изгнан на землю. И вот спустя восемьсот лет скитаний Его Высочество вновь возвращается в Небесные чертоги. Получив своё первое задание в роли Божества, он сталкивается с таинственным и невероятно могущественным демоном, который, как оказалось, уже давно положил глаз на наследного принца...
Мосян Тунсю — настоящая звезда жанра данмей. На её счету уже несколько произведений, получивших признание не только в Сети. В 2014 писательница заключила контракт с крупным порталом интернет-литературы «Цзиньцзян», а её книги издаются большими тиражами по всему миру.
«Благословение Небожителей» — третий по счёту роман писательницы — в мгновение ока успел стать хитом не только в Китае, но и за его пределами. История получила 2 экранизации (сериал и мультсериал), а также графическую адаптацию.', 416, 'твердая', 1149.99, '150x220 мм', 2021, 'image/2022/10/30/1d0c555696462c16e20aa2291efac6bc.jpg', 'image/2022/10/30/cover4__w4120.jpg', 2);
INSERT INTO public.library_book (id, title, description, num_pages, cover_type, price, sizes, pub_date, photo_cover, photo_back, owner_id) VALUES (1, 'Лето в пионерском галстуке', 'Юра возвращается в пионерский лагерь своей юности спустя двадцать лет. В руинах прошлого он надеется отыскать путь в настоящее, к человеку, которого когда-то любил. Эта история о том, что в СССР не все было гладко, правильно и безлико. Что были переживания, страсти, влечения и чувства, которые не вписывались в рамки морали на пути к «светлому будущему». И что это будущее оказалось не таким уж и светлым.', 544, 'твердая', 649, '140x210 мм', 2021, 'image/2022/10/30/97d1c2c89c26c7a651c610e8f3e8e862.png', '', 3);
INSERT INTO public.library_book (id, title, description, num_pages, cover_type, price, sizes, pub_date, photo_cover, photo_back, owner_id) VALUES (31, 'Сакавич Нора: Лисья нора. Книга 1', 'Сенсационная трилогия писательницы Норы Сакавич «Все ради игры» была впервые опубликована в интернете и молниеносно покорила читателей во всем мире. «Лисья нора» повествует о команде «Лисов» — игроков экси (вымышленный спорт), которые, будучи отбросами в жизни, пытаются подняться со дна турнирной таблицы и выиграть чемпионат страны. Главный герой, Нил Джостен, скрывается от своего темного прошлого, однако, став частью команды, вынужден сражаться не только с соперниками, но и с новоиспеченными товарищами, каждый из которых хранит свои секреты.', 336, 'твердая', 402, '140x210 мм', 2022, 'image/2022/11/08/6011d38c2ece548580fc2046e0003032.jpg', '', 4);
INSERT INTO public.library_book (id, title, description, num_pages, cover_type, price, sizes, pub_date, photo_cover, photo_back, owner_id) VALUES (9, 'Семь сестер. Сестра солнца', 'Для всего мира Электра — настоящая счастливица, знаменитая модель, ее образу жизни могут позавидовать многие. Но обратная сторона популярности — жизнь под прицелом фотокамер — убивает ее психическое здоровье. Разрыв с известным рок-музыкантом, в которого Электра была по-настоящему влюблена, а затем весть о смерти приемного отца Па Солта становятся для нее точкой невозврата.
В последнем письме Па Солта Электра находит координаты своего места рождения. Так начинается ее полное опасностей путешествие от шикарного Манхэттена до бескрайних равнин Африки, от современности и до далекого 1939 года, который стал определяющим для ее предков и ее собственного будущего.
«В каждой книге цикла "Семь сестер" Люсинда Райли показывает нам сильных, харизматичных женщин, очень разных по характеру, но одинаково бесстрашных и решительных». — Library Journal
«Магический реализм, искусство во всех его проявлениях и множество сюжетных линий — романам Люсинды Райли удается захватить читателя с первой главы». — Historical Novel Society
«Внимание Люсинды Райли к деталям и ее доскональное исследование культурных реалий погружают читателей в поистине удивительную историю с живыми персонажами». — Booklist', 752, 'твердая', 992, '177x245 мм', 2022, 'image/2022/10/30/82b331eb8f27af013f943d03263ac211.jpg', 'image/2022/10/30/cover4__w4910.jpg', 5);
INSERT INTO public.library_book (id, title, description, num_pages, cover_type, price, sizes, pub_date, photo_cover, photo_back, owner_id) VALUES (8, 'Тьма после рассвета', 'Даже если рассвет наступит, то ему на смену снова придет тьма…
Ноябрь 1982 года. Годовщина свадьбы супругов Смелянских омрачена смертью Леонида Брежнева. Новый генсек – большой стресс для людей, которым есть что терять. А Смелянские и их гости как раз из таких – настоящая номенклатурная элита. Но это еще не самое страшное. Вечером их тринадцатилетний сын Сережа и дочь подруги Алена ушли в кинотеатр и не вернулись…
После звонка «с самого верха», к поискам пропавших детей подключают майора милиции Виктора Гордеева. От быстрого и, главное, положительного результата зависит его перевод на должность замначальника «убойного» отдела. Но какие тут могут быть гарантии? А если они уже мертвы? Тем более в стране орудует маньяк, убивающий подростков 13-16 лет. И друг Гордеева – сотрудник уголовного розыска Леонид Череменин - предполагает худшее.
Впрочем, у его приемной дочери - недавней выпускницы юрфака МГУ Насти Каменской - иное мнение: пропавшие дети не вписываются в почерк серийного убийцы. Опера начинают отрабатывать все возможные версии. А потом к расследованию подключаются сотрудники КГБ…
Первый ретро-детектив Александры Марининой. Удивительно точная атмосфера позднего СССР, настроения людей, их страхи и надежды. Уголовники, сотрудники милиции и КГБ, простые граждане и те, кто был допущен к «социалистической кормушке» - у каждого из них своя история и свои мотивы.', 480, 'твердая', 690, '136x210 мм', 2020, 'image/2022/10/30/cover13d__w4410.jpg', 'image/2022/10/30/cover4__w4810.jpg', 7);


--
-- TOC entry 3498 (class 0 OID 16981)
-- Dependencies: 229
-- Data for Name: library_book_genres; Type: TABLE DATA; Schema: public; Owner: postgres
--

INSERT INTO public.library_book_genres (id, book_id, genre_id) VALUES (1, 1, 1);
INSERT INTO public.library_book_genres (id, book_id, genre_id) VALUES (2, 8, 1);
INSERT INTO public.library_book_genres (id, book_id, genre_id) VALUES (3, 8, 2);
INSERT INTO public.library_book_genres (id, book_id, genre_id) VALUES (6, 5, 1);
INSERT INTO public.library_book_genres (id, book_id, genre_id) VALUES (7, 5, 3);
INSERT INTO public.library_book_genres (id, book_id, genre_id) VALUES (8, 3, 1);
INSERT INTO public.library_book_genres (id, book_id, genre_id) VALUES (9, 3, 3);
INSERT INTO public.library_book_genres (id, book_id, genre_id) VALUES (10, 4, 3);
INSERT INTO public.library_book_genres (id, book_id, genre_id) VALUES (11, 4, 5);
INSERT INTO public.library_book_genres (id, book_id, genre_id) VALUES (12, 7, 1);
INSERT INTO public.library_book_genres (id, book_id, genre_id) VALUES (13, 7, 3);
INSERT INTO public.library_book_genres (id, book_id, genre_id) VALUES (14, 7, 4);
INSERT INTO public.library_book_genres (id, book_id, genre_id) VALUES (15, 1, 6);
INSERT INTO public.library_book_genres (id, book_id, genre_id) VALUES (16, 6, 1);
INSERT INTO public.library_book_genres (id, book_id, genre_id) VALUES (17, 6, 6);
INSERT INTO public.library_book_genres (id, book_id, genre_id) VALUES (18, 9, 3);
INSERT INTO public.library_book_genres (id, book_id, genre_id) VALUES (19, 9, 4);
INSERT INTO public.library_book_genres (id, book_id, genre_id) VALUES (35, 19, 3);
INSERT INTO public.library_book_genres (id, book_id, genre_id) VALUES (36, 19, 4);
INSERT INTO public.library_book_genres (id, book_id, genre_id) VALUES (49, 31, 3);


--
-- TOC entry 3501 (class 0 OID 16986)
-- Dependencies: 232
-- Data for Name: library_genre; Type: TABLE DATA; Schema: public; Owner: postgres
--

INSERT INTO public.library_genre (id, title) VALUES (1, 'Роман');
INSERT INTO public.library_genre (id, title) VALUES (2, 'Детектив');
INSERT INTO public.library_genre (id, title) VALUES (3, 'Фантастика');
INSERT INTO public.library_genre (id, title) VALUES (4, 'Бестселлер');
INSERT INTO public.library_genre (id, title) VALUES (5, 'Комикс');
INSERT INTO public.library_genre (id, title) VALUES (6, 'Детская книга');


--
-- TOC entry 3503 (class 0 OID 16990)
-- Dependencies: 234
-- Data for Name: library_reviews; Type: TABLE DATA; Schema: public; Owner: postgres
--

INSERT INTO public.library_reviews (id, content, date_posted, author_id, book_connected_id, raiting) VALUES (1, 'Отличная книга, советую))', '2022-11-15 16:44:17+03', 1, 4, 5);
INSERT INTO public.library_reviews (id, content, date_posted, author_id, book_connected_id, raiting) VALUES (2, 'Ну так себе...', '2022-11-15 16:49:58+03', 16, 4, 4);
INSERT INTO public.library_reviews (id, content, date_posted, author_id, book_connected_id, raiting) VALUES (3, 'Захватывающая фантастика!!!', '2022-11-15 17:50:17+03', 1, 19, 5);
INSERT INTO public.library_reviews (id, content, date_posted, author_id, book_connected_id, raiting) VALUES (4, 'Мне не зашло...', '2022-11-15 18:22:58+03', 15, 4, 2);


--
-- TOC entry 3517 (class 0 OID 0)
-- Dependencies: 210
-- Name: auth_group_id_seq; Type: SEQUENCE SET; Schema: public; Owner: postgres
--

SELECT pg_catalog.setval('public.auth_group_id_seq', 1, true);


--
-- TOC entry 3518 (class 0 OID 0)
-- Dependencies: 212
-- Name: auth_group_permissions_id_seq; Type: SEQUENCE SET; Schema: public; Owner: postgres
--

SELECT pg_catalog.setval('public.auth_group_permissions_id_seq', 4, true);


--
-- TOC entry 3519 (class 0 OID 0)
-- Dependencies: 214
-- Name: auth_permission_id_seq; Type: SEQUENCE SET; Schema: public; Owner: postgres
--

SELECT pg_catalog.setval('public.auth_permission_id_seq', 52, true);


--
-- TOC entry 3520 (class 0 OID 0)
-- Dependencies: 217
-- Name: auth_user_groups_id_seq; Type: SEQUENCE SET; Schema: public; Owner: postgres
--

SELECT pg_catalog.setval('public.auth_user_groups_id_seq', 1, true);


--
-- TOC entry 3521 (class 0 OID 0)
-- Dependencies: 218
-- Name: auth_user_id_seq; Type: SEQUENCE SET; Schema: public; Owner: postgres
--

SELECT pg_catalog.setval('public.auth_user_id_seq', 20, true);


--
-- TOC entry 3522 (class 0 OID 0)
-- Dependencies: 220
-- Name: auth_user_user_permissions_id_seq; Type: SEQUENCE SET; Schema: public; Owner: postgres
--

SELECT pg_catalog.setval('public.auth_user_user_permissions_id_seq', 6, true);


--
-- TOC entry 3523 (class 0 OID 0)
-- Dependencies: 238
-- Name: cart_order_address_id_seq; Type: SEQUENCE SET; Schema: public; Owner: postgres
--

SELECT pg_catalog.setval('public.cart_order_address_id_seq', 1, false);


--
-- TOC entry 3524 (class 0 OID 0)
-- Dependencies: 241
-- Name: cart_pos_order_id_seq; Type: SEQUENCE SET; Schema: public; Owner: postgres
--

SELECT pg_catalog.setval('public.cart_pos_order_id_seq', 1, false);


--
-- TOC entry 3525 (class 0 OID 0)
-- Dependencies: 222
-- Name: django_admin_log_id_seq; Type: SEQUENCE SET; Schema: public; Owner: postgres
--

SELECT pg_catalog.setval('public.django_admin_log_id_seq', 90, true);


--
-- TOC entry 3526 (class 0 OID 0)
-- Dependencies: 224
-- Name: django_content_type_id_seq; Type: SEQUENCE SET; Schema: public; Owner: postgres
--

SELECT pg_catalog.setval('public.django_content_type_id_seq', 13, true);


--
-- TOC entry 3527 (class 0 OID 0)
-- Dependencies: 226
-- Name: django_migrations_id_seq; Type: SEQUENCE SET; Schema: public; Owner: postgres
--

SELECT pg_catalog.setval('public.django_migrations_id_seq', 41, true);


--
-- TOC entry 3528 (class 0 OID 0)
-- Dependencies: 236
-- Name: library_author_id_seq; Type: SEQUENCE SET; Schema: public; Owner: postgres
--

SELECT pg_catalog.setval('public.library_author_id_seq', 7, true);


--
-- TOC entry 3529 (class 0 OID 0)
-- Dependencies: 230
-- Name: library_book_genres_id_seq; Type: SEQUENCE SET; Schema: public; Owner: postgres
--

SELECT pg_catalog.setval('public.library_book_genres_id_seq', 49, true);


--
-- TOC entry 3530 (class 0 OID 0)
-- Dependencies: 231
-- Name: library_book_id_seq; Type: SEQUENCE SET; Schema: public; Owner: postgres
--

SELECT pg_catalog.setval('public.library_book_id_seq', 31, true);


--
-- TOC entry 3531 (class 0 OID 0)
-- Dependencies: 233
-- Name: library_genre_id_seq; Type: SEQUENCE SET; Schema: public; Owner: postgres
--

SELECT pg_catalog.setval('public.library_genre_id_seq', 6, true);


--
-- TOC entry 3532 (class 0 OID 0)
-- Dependencies: 235
-- Name: library_reviews_id_seq; Type: SEQUENCE SET; Schema: public; Owner: postgres
--

SELECT pg_catalog.setval('public.library_reviews_id_seq', 4, true);


--
-- TOC entry 3252 (class 2606 OID 16997)
-- Name: auth_group auth_group_name_key; Type: CONSTRAINT; Schema: public; Owner: postgres
--

ALTER TABLE ONLY public.auth_group
    ADD CONSTRAINT auth_group_name_key UNIQUE (name);


--
-- TOC entry 3257 (class 2606 OID 16999)
-- Name: auth_group_permissions auth_group_permissions_group_id_permission_id_0cd325b0_uniq; Type: CONSTRAINT; Schema: public; Owner: postgres
--

ALTER TABLE ONLY public.auth_group_permissions
    ADD CONSTRAINT auth_group_permissions_group_id_permission_id_0cd325b0_uniq UNIQUE (group_id, permission_id);


--
-- TOC entry 3260 (class 2606 OID 17001)
-- Name: auth_group_permissions auth_group_permissions_pkey; Type: CONSTRAINT; Schema: public; Owner: postgres
--

ALTER TABLE ONLY public.auth_group_permissions
    ADD CONSTRAINT auth_group_permissions_pkey PRIMARY KEY (id);


--
-- TOC entry 3254 (class 2606 OID 17003)
-- Name: auth_group auth_group_pkey; Type: CONSTRAINT; Schema: public; Owner: postgres
--

ALTER TABLE ONLY public.auth_group
    ADD CONSTRAINT auth_group_pkey PRIMARY KEY (id);


--
-- TOC entry 3263 (class 2606 OID 17005)
-- Name: auth_permission auth_permission_content_type_id_codename_01ab375a_uniq; Type: CONSTRAINT; Schema: public; Owner: postgres
--

ALTER TABLE ONLY public.auth_permission
    ADD CONSTRAINT auth_permission_content_type_id_codename_01ab375a_uniq UNIQUE (content_type_id, codename);


--
-- TOC entry 3265 (class 2606 OID 17007)
-- Name: auth_permission auth_permission_pkey; Type: CONSTRAINT; Schema: public; Owner: postgres
--

ALTER TABLE ONLY public.auth_permission
    ADD CONSTRAINT auth_permission_pkey PRIMARY KEY (id);


--
-- TOC entry 3273 (class 2606 OID 17009)
-- Name: auth_user_groups auth_user_groups_pkey; Type: CONSTRAINT; Schema: public; Owner: postgres
--

ALTER TABLE ONLY public.auth_user_groups
    ADD CONSTRAINT auth_user_groups_pkey PRIMARY KEY (id);


--
-- TOC entry 3276 (class 2606 OID 17011)
-- Name: auth_user_groups auth_user_groups_user_id_group_id_94350c0c_uniq; Type: CONSTRAINT; Schema: public; Owner: postgres
--

ALTER TABLE ONLY public.auth_user_groups
    ADD CONSTRAINT auth_user_groups_user_id_group_id_94350c0c_uniq UNIQUE (user_id, group_id);


--
-- TOC entry 3267 (class 2606 OID 17013)
-- Name: auth_user auth_user_pkey; Type: CONSTRAINT; Schema: public; Owner: postgres
--

ALTER TABLE ONLY public.auth_user
    ADD CONSTRAINT auth_user_pkey PRIMARY KEY (id);


--
-- TOC entry 3279 (class 2606 OID 17015)
-- Name: auth_user_user_permissions auth_user_user_permissions_pkey; Type: CONSTRAINT; Schema: public; Owner: postgres
--

ALTER TABLE ONLY public.auth_user_user_permissions
    ADD CONSTRAINT auth_user_user_permissions_pkey PRIMARY KEY (id);


--
-- TOC entry 3282 (class 2606 OID 17017)
-- Name: auth_user_user_permissions auth_user_user_permissions_user_id_permission_id_14a6b632_uniq; Type: CONSTRAINT; Schema: public; Owner: postgres
--

ALTER TABLE ONLY public.auth_user_user_permissions
    ADD CONSTRAINT auth_user_user_permissions_user_id_permission_id_14a6b632_uniq UNIQUE (user_id, permission_id);


--
-- TOC entry 3270 (class 2606 OID 17019)
-- Name: auth_user auth_user_username_key; Type: CONSTRAINT; Schema: public; Owner: postgres
--

ALTER TABLE ONLY public.auth_user
    ADD CONSTRAINT auth_user_username_key UNIQUE (username);


--
-- TOC entry 3315 (class 2606 OID 17157)
-- Name: cart_order_address cart_order_address_pkey; Type: CONSTRAINT; Schema: public; Owner: postgres
--

ALTER TABLE ONLY public.cart_order_address
    ADD CONSTRAINT cart_order_address_pkey PRIMARY KEY (id);


--
-- TOC entry 3317 (class 2606 OID 17162)
-- Name: cart_order cart_order_pkey; Type: CONSTRAINT; Schema: public; Owner: postgres
--

ALTER TABLE ONLY public.cart_order
    ADD CONSTRAINT cart_order_pkey PRIMARY KEY (address_delivery_id);


--
-- TOC entry 3321 (class 2606 OID 17168)
-- Name: cart_pos_order cart_pos_order_pkey; Type: CONSTRAINT; Schema: public; Owner: postgres
--

ALTER TABLE ONLY public.cart_pos_order
    ADD CONSTRAINT cart_pos_order_pkey PRIMARY KEY (id);


--
-- TOC entry 3285 (class 2606 OID 17021)
-- Name: django_admin_log django_admin_log_pkey; Type: CONSTRAINT; Schema: public; Owner: postgres
--

ALTER TABLE ONLY public.django_admin_log
    ADD CONSTRAINT django_admin_log_pkey PRIMARY KEY (id);


--
-- TOC entry 3288 (class 2606 OID 17023)
-- Name: django_content_type django_content_type_app_label_model_76bd3d3b_uniq; Type: CONSTRAINT; Schema: public; Owner: postgres
--

ALTER TABLE ONLY public.django_content_type
    ADD CONSTRAINT django_content_type_app_label_model_76bd3d3b_uniq UNIQUE (app_label, model);


--
-- TOC entry 3290 (class 2606 OID 17025)
-- Name: django_content_type django_content_type_pkey; Type: CONSTRAINT; Schema: public; Owner: postgres
--

ALTER TABLE ONLY public.django_content_type
    ADD CONSTRAINT django_content_type_pkey PRIMARY KEY (id);


--
-- TOC entry 3292 (class 2606 OID 17027)
-- Name: django_migrations django_migrations_pkey; Type: CONSTRAINT; Schema: public; Owner: postgres
--

ALTER TABLE ONLY public.django_migrations
    ADD CONSTRAINT django_migrations_pkey PRIMARY KEY (id);


--
-- TOC entry 3295 (class 2606 OID 17029)
-- Name: django_session django_session_pkey; Type: CONSTRAINT; Schema: public; Owner: postgres
--

ALTER TABLE ONLY public.django_session
    ADD CONSTRAINT django_session_pkey PRIMARY KEY (session_key);


--
-- TOC entry 3313 (class 2606 OID 17130)
-- Name: library_author library_author_pkey; Type: CONSTRAINT; Schema: public; Owner: postgres
--

ALTER TABLE ONLY public.library_author
    ADD CONSTRAINT library_author_pkey PRIMARY KEY (id);


--
-- TOC entry 3302 (class 2606 OID 17031)
-- Name: library_book_genres library_book_genres_book_id_genre_id_b32565fa_uniq; Type: CONSTRAINT; Schema: public; Owner: postgres
--

ALTER TABLE ONLY public.library_book_genres
    ADD CONSTRAINT library_book_genres_book_id_genre_id_b32565fa_uniq UNIQUE (book_id, genre_id);


--
-- TOC entry 3305 (class 2606 OID 17033)
-- Name: library_book_genres library_book_genres_pkey; Type: CONSTRAINT; Schema: public; Owner: postgres
--

ALTER TABLE ONLY public.library_book_genres
    ADD CONSTRAINT library_book_genres_pkey PRIMARY KEY (id);


--
-- TOC entry 3299 (class 2606 OID 17035)
-- Name: library_book library_book_pkey; Type: CONSTRAINT; Schema: public; Owner: postgres
--

ALTER TABLE ONLY public.library_book
    ADD CONSTRAINT library_book_pkey PRIMARY KEY (id);


--
-- TOC entry 3307 (class 2606 OID 17037)
-- Name: library_genre library_genre_pkey; Type: CONSTRAINT; Schema: public; Owner: postgres
--

ALTER TABLE ONLY public.library_genre
    ADD CONSTRAINT library_genre_pkey PRIMARY KEY (id);


--
-- TOC entry 3311 (class 2606 OID 17039)
-- Name: library_reviews library_reviews_pkey; Type: CONSTRAINT; Schema: public; Owner: postgres
--

ALTER TABLE ONLY public.library_reviews
    ADD CONSTRAINT library_reviews_pkey PRIMARY KEY (id);


--
-- TOC entry 3250 (class 1259 OID 17040)
-- Name: auth_group_name_a6ea08ec_like; Type: INDEX; Schema: public; Owner: postgres
--

CREATE INDEX auth_group_name_a6ea08ec_like ON public.auth_group USING btree (name varchar_pattern_ops);


--
-- TOC entry 3255 (class 1259 OID 17041)
-- Name: auth_group_permissions_group_id_b120cbf9; Type: INDEX; Schema: public; Owner: postgres
--

CREATE INDEX auth_group_permissions_group_id_b120cbf9 ON public.auth_group_permissions USING btree (group_id);


--
-- TOC entry 3258 (class 1259 OID 17042)
-- Name: auth_group_permissions_permission_id_84c5c92e; Type: INDEX; Schema: public; Owner: postgres
--

CREATE INDEX auth_group_permissions_permission_id_84c5c92e ON public.auth_group_permissions USING btree (permission_id);


--
-- TOC entry 3261 (class 1259 OID 17043)
-- Name: auth_permission_content_type_id_2f476e4b; Type: INDEX; Schema: public; Owner: postgres
--

CREATE INDEX auth_permission_content_type_id_2f476e4b ON public.auth_permission USING btree (content_type_id);


--
-- TOC entry 3271 (class 1259 OID 17044)
-- Name: auth_user_groups_group_id_97559544; Type: INDEX; Schema: public; Owner: postgres
--

CREATE INDEX auth_user_groups_group_id_97559544 ON public.auth_user_groups USING btree (group_id);


--
-- TOC entry 3274 (class 1259 OID 17045)
-- Name: auth_user_groups_user_id_6a12ed8b; Type: INDEX; Schema: public; Owner: postgres
--

CREATE INDEX auth_user_groups_user_id_6a12ed8b ON public.auth_user_groups USING btree (user_id);


--
-- TOC entry 3277 (class 1259 OID 17046)
-- Name: auth_user_user_permissions_permission_id_1fbb5f2c; Type: INDEX; Schema: public; Owner: postgres
--

CREATE INDEX auth_user_user_permissions_permission_id_1fbb5f2c ON public.auth_user_user_permissions USING btree (permission_id);


--
-- TOC entry 3280 (class 1259 OID 17047)
-- Name: auth_user_user_permissions_user_id_a95ead1b; Type: INDEX; Schema: public; Owner: postgres
--

CREATE INDEX auth_user_user_permissions_user_id_a95ead1b ON public.auth_user_user_permissions USING btree (user_id);


--
-- TOC entry 3268 (class 1259 OID 17048)
-- Name: auth_user_username_6821ab7c_like; Type: INDEX; Schema: public; Owner: postgres
--

CREATE INDEX auth_user_username_6821ab7c_like ON public.auth_user USING btree (username varchar_pattern_ops);


--
-- TOC entry 3318 (class 1259 OID 17184)
-- Name: cart_pos_order_book_id_68d5c135; Type: INDEX; Schema: public; Owner: postgres
--

CREATE INDEX cart_pos_order_book_id_68d5c135 ON public.cart_pos_order USING btree (book_id);


--
-- TOC entry 3319 (class 1259 OID 17185)
-- Name: cart_pos_order_order_id_87cb7b2d; Type: INDEX; Schema: public; Owner: postgres
--

CREATE INDEX cart_pos_order_order_id_87cb7b2d ON public.cart_pos_order USING btree (order_id);


--
-- TOC entry 3283 (class 1259 OID 17049)
-- Name: django_admin_log_content_type_id_c4bce8eb; Type: INDEX; Schema: public; Owner: postgres
--

CREATE INDEX django_admin_log_content_type_id_c4bce8eb ON public.django_admin_log USING btree (content_type_id);


--
-- TOC entry 3286 (class 1259 OID 17050)
-- Name: django_admin_log_user_id_c564eba6; Type: INDEX; Schema: public; Owner: postgres
--

CREATE INDEX django_admin_log_user_id_c564eba6 ON public.django_admin_log USING btree (user_id);


--
-- TOC entry 3293 (class 1259 OID 17051)
-- Name: django_session_expire_date_a5c62663; Type: INDEX; Schema: public; Owner: postgres
--

CREATE INDEX django_session_expire_date_a5c62663 ON public.django_session USING btree (expire_date);


--
-- TOC entry 3296 (class 1259 OID 17052)
-- Name: django_session_session_key_c0390e0f_like; Type: INDEX; Schema: public; Owner: postgres
--

CREATE INDEX django_session_session_key_c0390e0f_like ON public.django_session USING btree (session_key varchar_pattern_ops);


--
-- TOC entry 3300 (class 1259 OID 17053)
-- Name: library_book_genres_book_id_e53979d1; Type: INDEX; Schema: public; Owner: postgres
--

CREATE INDEX library_book_genres_book_id_e53979d1 ON public.library_book_genres USING btree (book_id);


--
-- TOC entry 3303 (class 1259 OID 17054)
-- Name: library_book_genres_genre_id_46b8d19a; Type: INDEX; Schema: public; Owner: postgres
--

CREATE INDEX library_book_genres_genre_id_46b8d19a ON public.library_book_genres USING btree (genre_id);


--
-- TOC entry 3297 (class 1259 OID 17136)
-- Name: library_book_owner_id_3f44f0aa; Type: INDEX; Schema: public; Owner: postgres
--

CREATE INDEX library_book_owner_id_3f44f0aa ON public.library_book USING btree (owner_id);


--
-- TOC entry 3308 (class 1259 OID 17055)
-- Name: library_reviews_author_id_d9677524; Type: INDEX; Schema: public; Owner: postgres
--

CREATE INDEX library_reviews_author_id_d9677524 ON public.library_reviews USING btree (author_id);


--
-- TOC entry 3309 (class 1259 OID 17056)
-- Name: library_reviews_book_connected_id_37582154; Type: INDEX; Schema: public; Owner: postgres
--

CREATE INDEX library_reviews_book_connected_id_37582154 ON public.library_reviews USING btree (book_connected_id);


--
-- TOC entry 3322 (class 2606 OID 17057)
-- Name: auth_group_permissions auth_group_permissio_permission_id_84c5c92e_fk_auth_perm; Type: FK CONSTRAINT; Schema: public; Owner: postgres
--

ALTER TABLE ONLY public.auth_group_permissions
    ADD CONSTRAINT auth_group_permissio_permission_id_84c5c92e_fk_auth_perm FOREIGN KEY (permission_id) REFERENCES public.auth_permission(id) DEFERRABLE INITIALLY DEFERRED;


--
-- TOC entry 3323 (class 2606 OID 17062)
-- Name: auth_group_permissions auth_group_permissions_group_id_b120cbf9_fk_auth_group_id; Type: FK CONSTRAINT; Schema: public; Owner: postgres
--

ALTER TABLE ONLY public.auth_group_permissions
    ADD CONSTRAINT auth_group_permissions_group_id_b120cbf9_fk_auth_group_id FOREIGN KEY (group_id) REFERENCES public.auth_group(id) DEFERRABLE INITIALLY DEFERRED;


--
-- TOC entry 3324 (class 2606 OID 17067)
-- Name: auth_permission auth_permission_content_type_id_2f476e4b_fk_django_co; Type: FK CONSTRAINT; Schema: public; Owner: postgres
--

ALTER TABLE ONLY public.auth_permission
    ADD CONSTRAINT auth_permission_content_type_id_2f476e4b_fk_django_co FOREIGN KEY (content_type_id) REFERENCES public.django_content_type(id) DEFERRABLE INITIALLY DEFERRED;


--
-- TOC entry 3325 (class 2606 OID 17072)
-- Name: auth_user_groups auth_user_groups_group_id_97559544_fk_auth_group_id; Type: FK CONSTRAINT; Schema: public; Owner: postgres
--

ALTER TABLE ONLY public.auth_user_groups
    ADD CONSTRAINT auth_user_groups_group_id_97559544_fk_auth_group_id FOREIGN KEY (group_id) REFERENCES public.auth_group(id) DEFERRABLE INITIALLY DEFERRED;


--
-- TOC entry 3326 (class 2606 OID 17077)
-- Name: auth_user_groups auth_user_groups_user_id_6a12ed8b_fk_auth_user_id; Type: FK CONSTRAINT; Schema: public; Owner: postgres
--

ALTER TABLE ONLY public.auth_user_groups
    ADD CONSTRAINT auth_user_groups_user_id_6a12ed8b_fk_auth_user_id FOREIGN KEY (user_id) REFERENCES public.auth_user(id) DEFERRABLE INITIALLY DEFERRED;


--
-- TOC entry 3327 (class 2606 OID 17082)
-- Name: auth_user_user_permissions auth_user_user_permi_permission_id_1fbb5f2c_fk_auth_perm; Type: FK CONSTRAINT; Schema: public; Owner: postgres
--

ALTER TABLE ONLY public.auth_user_user_permissions
    ADD CONSTRAINT auth_user_user_permi_permission_id_1fbb5f2c_fk_auth_perm FOREIGN KEY (permission_id) REFERENCES public.auth_permission(id) DEFERRABLE INITIALLY DEFERRED;


--
-- TOC entry 3328 (class 2606 OID 17087)
-- Name: auth_user_user_permissions auth_user_user_permissions_user_id_a95ead1b_fk_auth_user_id; Type: FK CONSTRAINT; Schema: public; Owner: postgres
--

ALTER TABLE ONLY public.auth_user_user_permissions
    ADD CONSTRAINT auth_user_user_permissions_user_id_a95ead1b_fk_auth_user_id FOREIGN KEY (user_id) REFERENCES public.auth_user(id) DEFERRABLE INITIALLY DEFERRED;


--
-- TOC entry 3336 (class 2606 OID 17169)
-- Name: cart_order cart_order_address_delivery_id_a1be0390_fk_cart_orde; Type: FK CONSTRAINT; Schema: public; Owner: postgres
--

ALTER TABLE ONLY public.cart_order
    ADD CONSTRAINT cart_order_address_delivery_id_a1be0390_fk_cart_orde FOREIGN KEY (address_delivery_id) REFERENCES public.cart_order_address(id) DEFERRABLE INITIALLY DEFERRED;


--
-- TOC entry 3337 (class 2606 OID 17174)
-- Name: cart_pos_order cart_pos_order_book_id_68d5c135_fk_library_book_id; Type: FK CONSTRAINT; Schema: public; Owner: postgres
--

ALTER TABLE ONLY public.cart_pos_order
    ADD CONSTRAINT cart_pos_order_book_id_68d5c135_fk_library_book_id FOREIGN KEY (book_id) REFERENCES public.library_book(id) DEFERRABLE INITIALLY DEFERRED;


--
-- TOC entry 3338 (class 2606 OID 17179)
-- Name: cart_pos_order cart_pos_order_order_id_87cb7b2d_fk_cart_orde; Type: FK CONSTRAINT; Schema: public; Owner: postgres
--

ALTER TABLE ONLY public.cart_pos_order
    ADD CONSTRAINT cart_pos_order_order_id_87cb7b2d_fk_cart_orde FOREIGN KEY (order_id) REFERENCES public.cart_order(address_delivery_id) DEFERRABLE INITIALLY DEFERRED;


--
-- TOC entry 3329 (class 2606 OID 17092)
-- Name: django_admin_log django_admin_log_content_type_id_c4bce8eb_fk_django_co; Type: FK CONSTRAINT; Schema: public; Owner: postgres
--

ALTER TABLE ONLY public.django_admin_log
    ADD CONSTRAINT django_admin_log_content_type_id_c4bce8eb_fk_django_co FOREIGN KEY (content_type_id) REFERENCES public.django_content_type(id) DEFERRABLE INITIALLY DEFERRED;


--
-- TOC entry 3330 (class 2606 OID 17097)
-- Name: django_admin_log django_admin_log_user_id_c564eba6_fk_auth_user_id; Type: FK CONSTRAINT; Schema: public; Owner: postgres
--

ALTER TABLE ONLY public.django_admin_log
    ADD CONSTRAINT django_admin_log_user_id_c564eba6_fk_auth_user_id FOREIGN KEY (user_id) REFERENCES public.auth_user(id) DEFERRABLE INITIALLY DEFERRED;


--
-- TOC entry 3332 (class 2606 OID 17102)
-- Name: library_book_genres library_book_genres_book_id_e53979d1_fk_library_book_id; Type: FK CONSTRAINT; Schema: public; Owner: postgres
--

ALTER TABLE ONLY public.library_book_genres
    ADD CONSTRAINT library_book_genres_book_id_e53979d1_fk_library_book_id FOREIGN KEY (book_id) REFERENCES public.library_book(id) DEFERRABLE INITIALLY DEFERRED;


--
-- TOC entry 3333 (class 2606 OID 17107)
-- Name: library_book_genres library_book_genres_genre_id_46b8d19a_fk_library_genre_id; Type: FK CONSTRAINT; Schema: public; Owner: postgres
--

ALTER TABLE ONLY public.library_book_genres
    ADD CONSTRAINT library_book_genres_genre_id_46b8d19a_fk_library_genre_id FOREIGN KEY (genre_id) REFERENCES public.library_genre(id) DEFERRABLE INITIALLY DEFERRED;


--
-- TOC entry 3331 (class 2606 OID 17131)
-- Name: library_book library_book_owner_id_3f44f0aa_fk_library_author_id; Type: FK CONSTRAINT; Schema: public; Owner: postgres
--

ALTER TABLE ONLY public.library_book
    ADD CONSTRAINT library_book_owner_id_3f44f0aa_fk_library_author_id FOREIGN KEY (owner_id) REFERENCES public.library_author(id) DEFERRABLE INITIALLY DEFERRED;


--
-- TOC entry 3334 (class 2606 OID 17112)
-- Name: library_reviews library_reviews_author_id_d9677524_fk_auth_user_id; Type: FK CONSTRAINT; Schema: public; Owner: postgres
--

ALTER TABLE ONLY public.library_reviews
    ADD CONSTRAINT library_reviews_author_id_d9677524_fk_auth_user_id FOREIGN KEY (author_id) REFERENCES public.auth_user(id) DEFERRABLE INITIALLY DEFERRED;


--
-- TOC entry 3335 (class 2606 OID 17117)
-- Name: library_reviews library_reviews_book_connected_id_37582154_fk_library_book_id; Type: FK CONSTRAINT; Schema: public; Owner: postgres
--

ALTER TABLE ONLY public.library_reviews
    ADD CONSTRAINT library_reviews_book_connected_id_37582154_fk_library_book_id FOREIGN KEY (book_connected_id) REFERENCES public.library_book(id) DEFERRABLE INITIALLY DEFERRED;


-- Completed on 2023-01-13 15:20:44

--
-- PostgreSQL database dump complete
--

